frame_id,MT,subj,obj,obj_num,obj_pos,obj_id
030FD_041650.jpg,030FD_4,030FD,bottle,1,obj_id_id1,h
030FD_078650.jpg,030FD_9,030FD,bottle,2,obj_id_id1,p
030FD_076475.jpg,030FD_9,030FD,bottle,3,obj_id_id3,o
030FD_041975.jpg,030FD_4,030FD,bottle,1,obj_id_id1,h
030FD_018225.jpg,030FD_3,030FD,bottle,1,obj_id_id1,e
030FD_076700.jpg,030FD_9,030FD,bottle,2,obj_id_id2,n
030FD_068575.jpg,030FD_9,030FD,bottle,1,obj_id_id1,i
030FD_079375.jpg,030FD_9,030FD,bottle,3,obj_id_id3,n
030FD_071875.jpg,030FD_9,030FD,bottle,2,obj_id_id2,j
030FD_078500.jpg,030FD_9,030FD,bottle,2,obj_id_id2,o
030FD_041625.jpg,030FD_4,030FD,bottle,1,obj_id_id1,h
032SR_089075.jpg,032SR_12,032SR,bottle,1,obj_id_id1,f
032SR_089000.jpg,032SR_12,032SR,bottle,1,obj_id_id1,f
032SR_025300.jpg,032SR_6,032SR,bottle,1,obj_id_id1,c
032SR_089125.jpg,032SR_12,032SR,bottle,1,obj_id_id1,f
032SR_028000.jpg,032SR_6,032SR,bottle,1,obj_id_id1,c
032SR_028500.jpg,032SR_6,032SR,bottle,1,obj_id_id1,c
032SR_028350.jpg,032SR_6,032SR,bottle,1,obj_id_id1,c
032SR_089025.jpg,032SR_12,032SR,bottle,1,obj_id_id1,f
032SR_024200.jpg,032SR_6,032SR,bottle,1,obj_id_id1,c
032SR_088800.jpg,032SR_12,032SR,bottle,1,obj_id_id1,f
032SR_030925.jpg,032SR_6,032SR,bottle,1,obj_id_id1,c
042MB_004275.jpg,042MB_1,042MB,bottle,2,obj_id_id1,h
042MB_049925.jpg,042MB_7,042MB,bottle,1,obj_id_id1,l
042MB_002725.jpg,042MB_1,042MB,bottle,1,obj_id_id1,g
042MB_023450.jpg,042MB_5,042MB,bottle,1,obj_id_id1,j
042MB_002975.jpg,042MB_1,042MB,bottle,2,obj_id_id1,h
042MB_002550.jpg,042MB_1,042MB,bottle,2,obj_id_id1,h
042MB_049500.jpg,042MB_7,042MB,bottle,1,obj_id_id1,l
042MB_004175.jpg,042MB_1,042MB,bottle,1,obj_id_id1,g
042MB_023800.jpg,042MB_5,042MB,bottle,1,obj_id_id1,j
042MB_004575.jpg,042MB_1,042MB,bottle,1,obj_id_id1,g
042MB_003075.jpg,042MB_1,042MB,bottle,2,obj_id_id2,g
037SM_006575.jpg,037SM_1,037SM,bottle,2,obj_id_id2,a
037SM_064500.jpg,037SM_11,037SM,bottle,1,obj_id_id1,g
037SM_005475.jpg,037SM_1,037SM,bottle,2,obj_id_id2,a
037SM_066275.jpg,037SM_11,037SM,bottle,1,obj_id_id1,g
037SM_060800.jpg,037SM_9,037SM,bottle,2,obj_id_id1,j
037SM_062575.jpg,037SM_9,037SM,bottle,1,obj_id_id1,j
037SM_064925.jpg,037SM_11,037SM,bottle,1,obj_id_id1,g
037SM_059225.jpg,037SM_9,037SM,bottle,1,obj_id_id2,k
037SM_062550.jpg,037SM_9,037SM,bottle,1,obj_id_id1,j
037SM_062900.jpg,037SM_9,037SM,bottle,3,obj_id_id2,i
037SM_059800.jpg,037SM_9,037SM,bottle,2,obj_id_id2,i
038RB_064700.jpg,038RB_15,038RB,bottle,3,obj_id_id2,g
038RB_066225.jpg,038RB_15,038RB,bottle,2,obj_id_id2,i
038RB_064650.jpg,038RB_15,038RB,bottle,3,obj_id_id1,f
038RB_066175.jpg,038RB_15,038RB,bottle,3,obj_id_id3,i
038RB_068550.jpg,038RB_15,038RB,bottle,1,obj_id_id1,f
038RB_060425.jpg,038RB_15,038RB,bottle,1,obj_id_id1,f
038RB_067950.jpg,038RB_15,038RB,bottle,2,obj_id_id2,i
038RB_065925.jpg,038RB_15,038RB,bottle,3,obj_id_id1,f
038RB_066150.jpg,038RB_15,038RB,bottle,3,obj_id_id2,g
038RB_067800.jpg,038RB_15,038RB,bottle,2,obj_id_id1,f
038RB_066375.jpg,038RB_15,038RB,bottle,2,obj_id_id2,i
039ED_057875.jpg,039ED_9,039ED,bottle,1,obj_id_id1,c
039ED_055375.jpg,039ED_9,039ED,bottle,1,obj_id_id1,c
039ED_057850.jpg,039ED_9,039ED,bottle,1,obj_id_id1,c
039ED_057725.jpg,039ED_9,039ED,bottle,1,obj_id_id1,c
039ED_058125.jpg,039ED_9,039ED,bottle,1,obj_id_id1,c
039ED_057325.jpg,039ED_9,039ED,bottle,1,obj_id_id1,c
039ED_055275.jpg,039ED_9,039ED,bottle,1,obj_id_id1,c
039ED_057300.jpg,039ED_9,039ED,bottle,1,obj_id_id1,c
039ED_057800.jpg,039ED_9,039ED,bottle,1,obj_id_id1,c
039ED_056550.jpg,039ED_9,039ED,bottle,1,obj_id_id1,c
039ED_055700.jpg,039ED_9,039ED,bottle,1,obj_id_id1,c
046TE_002050.jpg,046TE_1,046TE,bottle,2,obj_id_id1,a
046TE_001750.jpg,046TE_1,046TE,bottle,2,obj_id_id1,a
046TE_002700.jpg,046TE_1,046TE,bottle,2,obj_id_id1,a
046TE_078550.jpg,046TE_14,046TE,bottle,3,obj_id_id1,c
046TE_074000.jpg,046TE_13,046TE,bottle,2,obj_id_id1,c
046TE_073925.jpg,046TE_13,046TE,bottle,1,obj_id_id1,c
046TE_001200.jpg,046TE_1,046TE,bottle,2,obj_id_id2,b
046TE_001300.jpg,046TE_1,046TE,bottle,2,obj_id_id2,b
046TE_000850.jpg,046TE_1,046TE,bottle,2,obj_id_id1,a
046TE_074025.jpg,046TE_13,046TE,bottle,1,obj_id_id1,c
046TE_035325.jpg,046TE_7,046TE,bottle,1,obj_id_id1,a
031HW_026650.jpg,031HW_5,031HW,bottle,1,obj_id_id1,d
031HW_026100.jpg,031HW_5,031HW,bottle,1,obj_id_id1,d
031HW_104900.jpg,031HW_16,031HW,bottle,1,obj_id_id1,a
031HW_026750.jpg,031HW_5,031HW,bottle,1,obj_id_id1,d
031HW_091650.jpg,031HW_14,031HW,bottle,1,obj_id_id1,a
031HW_063325.jpg,031HW_11,031HW,bottle,1,obj_id_id1,a
031HW_105000.jpg,031HW_16,031HW,bottle,1,obj_id_id1,a
031HW_026175.jpg,031HW_5,031HW,bottle,1,obj_id_id1,d
031HW_104825.jpg,031HW_16,031HW,bottle,1,obj_id_id1,a
031HW_026000.jpg,031HW_5,031HW,bottle,1,obj_id_id1,d
031HW_091225.jpg,031HW_14,031HW,bottle,1,obj_id_id1,a
045NA_044550.jpg,045NA_11,045NA,bottle,3,obj_id_id1,d
045NA_047800.jpg,045NA_11,045NA,bottle,3,obj_id_id2,d
045NA_044675.jpg,045NA_11,045NA,bottle,3,obj_id_id2,g
045NA_044700.jpg,045NA_11,045NA,bottle,3,obj_id_id3,h
045NA_044725.jpg,045NA_11,045NA,bottle,3,obj_id_id1,d
045NA_043975.jpg,045NA_11,045NA,bottle,3,obj_id_id1,d
045NA_044750.jpg,045NA_11,045NA,bottle,3,obj_id_id2,g
045NA_044775.jpg,045NA_11,045NA,bottle,3,obj_id_id1,d
045NA_044650.jpg,045NA_11,045NA,bottle,2,obj_id_id1,g
045NA_040975.jpg,045NA_11,045NA,bottle,3,obj_id_id1,d
045NA_048725.jpg,045NA_11,045NA,bottle,3,obj_id_id1,d
030FD_054525.jpg,030FD_6,030FD,bowl,2,obj_id_id2,p
030FD_016175.jpg,030FD_3,030FD,bowl,1,obj_id_id1,h
030FD_001875.jpg,030FD_1,030FD,bowl,2,obj_id_id2,b
030FD_020600.jpg,030FD_3,030FD,bowl,1,obj_id_id1,h
030FD_040450.jpg,030FD_4,030FD,bowl,2,obj_id_id1,m
030FD_071075.jpg,030FD_9,030FD,bowl,2,obj_id_id2,q
030FD_077075.jpg,030FD_9,030FD,bowl,3,obj_id_id3,i
030FD_002200.jpg,030FD_1,030FD,bowl,2,obj_id_id1,a
030FD_002150.jpg,030FD_1,030FD,bowl,2,obj_id_id2,b
030FD_072175.jpg,030FD_9,030FD,bowl,2,obj_id_id1,i
037SM_039225.jpg,037SM_7,037SM,bowl,1,obj_id_id1,c
037SM_040525.jpg,037SM_7,037SM,bowl,2,obj_id_id2,i
037SM_016700.jpg,037SM_3,037SM,bowl,3,obj_id_id1,f
037SM_016075.jpg,037SM_3,037SM,bowl,3,obj_id_id3,e
037SM_005200.jpg,037SM_1,037SM,bowl,1,obj_id_id1,c
037SM_009550.jpg,037SM_1,037SM,bowl,2,obj_id_id2,b
037SM_012750.jpg,037SM_3,037SM,bowl,2,obj_id_id2,d
037SM_004650.jpg,037SM_1,037SM,bowl,2,obj_id_id2,b
037SM_009725.jpg,037SM_1,037SM,bowl,2,obj_id_id1,a
037SM_062650.jpg,037SM_9,037SM,bowl,1,obj_id_id1,j
046TE_001350.jpg,046TE_1,046TE,bowl,1,obj_id_id1,b
046TE_004725.jpg,046TE_1,046TE,bowl,1,obj_id_id1,a
046TE_055575.jpg,046TE_8,046TE,bowl,2,obj_id_id1,i
046TE_055950.jpg,046TE_8,046TE,bowl,1,obj_id_id1,k
046TE_001200.jpg,046TE_1,046TE,bowl,2,obj_id_id1,b
046TE_055700.jpg,046TE_8,046TE,bowl,1,obj_id_id1,k
046TE_054000.jpg,046TE_8,046TE,bowl,2,obj_id_id1,i
046TE_001150.jpg,046TE_1,046TE,bowl,2,obj_id_id2,c
046TE_054600.jpg,046TE_8,046TE,bowl,2,obj_id_id1,i
046TE_002300.jpg,046TE_1,046TE,bowl,1,obj_id_id1,c
039ED_058125.jpg,039ED_9,039ED,bowl,3,obj_id_id2,e
039ED_075550.jpg,039ED_9,039ED,bowl,2,obj_id_id2,l
039ED_056625.jpg,039ED_9,039ED,bowl,3,obj_id_id3,g
039ED_055625.jpg,039ED_9,039ED,bowl,1,obj_id_id1,h
039ED_075950.jpg,039ED_9,039ED,bowl,3,obj_id_id3,l
039ED_058225.jpg,039ED_9,039ED,bowl,2,obj_id_id2,h
039ED_057925.jpg,039ED_9,039ED,bowl,3,obj_id_id3,g
039ED_013925.jpg,039ED_2,039ED,bowl,2,obj_id_id2,b
039ED_014025.jpg,039ED_2,039ED,bowl,2,obj_id_id2,b
039ED_075675.jpg,039ED_9,039ED,bowl,3,obj_id_id3,l
038RB_061550.jpg,038RB_15,038RB,bowl,1,obj_id_id1,c
038RB_065075.jpg,038RB_15,038RB,bowl,1,obj_id_id1,c
038RB_066925.jpg,038RB_15,038RB,bowl,1,obj_id_id1,b
038RB_062775.jpg,038RB_15,038RB,bowl,1,obj_id_id1,c
038RB_064100.jpg,038RB_15,038RB,bowl,1,obj_id_id1,c
038RB_029575.jpg,038RB_8,038RB,bowl,1,obj_id_id1,a
038RB_029800.jpg,038RB_8,038RB,bowl,1,obj_id_id1,a
038RB_029625.jpg,038RB_8,038RB,bowl,1,obj_id_id1,a
038RB_058725.jpg,038RB_15,038RB,bowl,1,obj_id_id1,b
038RB_064950.jpg,038RB_15,038RB,bowl,1,obj_id_id1,c
045NA_046100.jpg,045NA_11,045NA,bowl,1,obj_id_id1,f
045NA_048175.jpg,045NA_11,045NA,bowl,1,obj_id_id1,f
045NA_020575.jpg,045NA_2,045NA,bowl,1,obj_id_id1,b
045NA_020675.jpg,045NA_2,045NA,bowl,1,obj_id_id1,b
045NA_045375.jpg,045NA_11,045NA,bowl,2,obj_id_id1,e
045NA_020525.jpg,045NA_2,045NA,bowl,1,obj_id_id1,b
045NA_045675.jpg,045NA_11,045NA,bowl,1,obj_id_id1,f
045NA_046350.jpg,045NA_11,045NA,bowl,1,obj_id_id1,f
045NA_020600.jpg,045NA_2,045NA,bowl,2,obj_id_id1,b
045NA_048575.jpg,045NA_11,045NA,bowl,2,obj_id_id1,e
043MP_025350.jpg,043MP_10,043MP,bowl,3,obj_id_id1,c
043MP_030700.jpg,043MP_12,043MP,bowl,1,obj_id_id1,a
043MP_030750.jpg,043MP_12,043MP,bowl,1,obj_id_id1,a
043MP_024100.jpg,043MP_10,043MP,bowl,2,obj_id_id1,c
043MP_025075.jpg,043MP_10,043MP,bowl,3,obj_id_id1,c
043MP_026275.jpg,043MP_10,043MP,bowl,3,obj_id_id2,c
043MP_023850.jpg,043MP_10,043MP,bowl,3,obj_id_id3,b
043MP_025000.jpg,043MP_10,043MP,bowl,1,obj_id_id1,b
043MP_025675.jpg,043MP_10,043MP,bowl,2,obj_id_id1,b
043MP_025300.jpg,043MP_10,043MP,bowl,3,obj_id_id3,b
031HW_028850.jpg,031HW_5,031HW,bowl,1,obj_id_id1,a
031HW_026975.jpg,031HW_5,031HW,bowl,1,obj_id_id1,a
031HW_102475.jpg,031HW_16,031HW,bowl,1,obj_id_id1,a
031HW_028600.jpg,031HW_5,031HW,bowl,1,obj_id_id1,a
031HW_027900.jpg,031HW_5,031HW,bowl,1,obj_id_id1,a
031HW_028550.jpg,031HW_5,031HW,bowl,1,obj_id_id1,a
031HW_026850.jpg,031HW_5,031HW,bowl,1,obj_id_id1,a
031HW_028125.jpg,031HW_5,031HW,bowl,1,obj_id_id1,a
031HW_028900.jpg,031HW_5,031HW,bowl,1,obj_id_id1,a
031HW_027675.jpg,031HW_5,031HW,bowl,1,obj_id_id1,a
033SE_096875.jpg,033SE_10,033SE,bowl,1,obj_id_id1,h
033SE_096800.jpg,033SE_10,033SE,bowl,2,obj_id_id1,f
033SE_043300.jpg,033SE_3,033SE,bowl,1,obj_id_id1,c
033SE_096525.jpg,033SE_10,033SE,bowl,3,obj_id_id1,f
033SE_096575.jpg,033SE_10,033SE,bowl,2,obj_id_id1,h
033SE_096500.jpg,033SE_10,033SE,bowl,3,obj_id_id2,h
033SE_024350.jpg,033SE_3,033SE,bowl,1,obj_id_id1,c
033SE_062275.jpg,033SE_6,033SE,bowl,1,obj_id_id1,c
033SE_096725.jpg,033SE_10,033SE,bowl,1,obj_id_id1,f
033SE_061475.jpg,033SE_6,033SE,bowl,2,obj_id_id1,c
032SR_039675.jpg,032SR_6,032SR,bowl,1,obj_id_id1,d
032SR_054350.jpg,032SR_9,032SR,bowl,2,obj_id_id1,g
032SR_040925.jpg,032SR_6,032SR,bowl,1,obj_id_id1,d
032SR_055650.jpg,032SR_9,032SR,bowl,1,obj_id_id1,g
032SR_041775.jpg,032SR_6,032SR,bowl,1,obj_id_id1,d
032SR_055400.jpg,032SR_9,032SR,bowl,1,obj_id_id1,g
032SR_042400.jpg,032SR_6,032SR,bowl,2,obj_id_id1,d
032SR_055550.jpg,032SR_9,032SR,bowl,1,obj_id_id1,g
032SR_054300.jpg,032SR_9,032SR,bowl,1,obj_id_id1,g
032SR_042425.jpg,032SR_6,032SR,bowl,2,obj_id_id1,d
030FD_067300.jpg,030FD_9,030FD,chair,1,obj_id_id1,q
030FD_002250.jpg,030FD_1,030FD,chair,2,obj_id_id1,a
030FD_024425.jpg,030FD_3,030FD,chair,3,obj_id_id2,i
030FD_004850.jpg,030FD_2,030FD,chair,2,obj_id_id2,c
030FD_014675.jpg,030FD_3,030FD,chair,2,obj_id_id1,g
030FD_044825.jpg,030FD_4,030FD,chair,3,obj_id_id2,m
030FD_017375.jpg,030FD_3,030FD,chair,2,obj_id_id1,g
030FD_020825.jpg,030FD_3,030FD,chair,3,obj_id_id1,b
030FD_037025.jpg,030FD_4,030FD,chair,2,obj_id_id2,a
030FD_038250.jpg,030FD_4,030FD,chair,3,obj_id_id1,n
030FD_020325.jpg,030FD_3,030FD,chair,1,obj_id_id1,d
030FD_047800.jpg,030FD_5,030FD,chair,2,obj_id_id1,p
030FD_035900.jpg,030FD_4,030FD,chair,1,obj_id_id1,d
030FD_035300.jpg,030FD_4,030FD,chair,2,obj_id_id1,i
030FD_044775.jpg,030FD_4,030FD,chair,2,obj_id_id2,h
030FD_039525.jpg,030FD_4,030FD,chair,2,obj_id_id1,f
030FD_053675.jpg,030FD_6,030FD,chair,1,obj_id_id1,o
030FD_070425.jpg,030FD_9,030FD,chair,1,obj_id_id1,q
030FD_047575.jpg,030FD_5,030FD,chair,3,obj_id_id2,p
032SR_036775.jpg,032SR_6,032SR,chair,3,obj_id_id3,d
032SR_035325.jpg,032SR_6,032SR,chair,3,obj_id_id3,d
032SR_011000.jpg,032SR_3,032SR,chair,1,obj_id_id1,a
032SR_035050.jpg,032SR_6,032SR,chair,2,obj_id_id1,e
032SR_007250.jpg,032SR_3,032SR,chair,1,obj_id_id1,b
032SR_075500.jpg,032SR_11,032SR,chair,2,obj_id_id1,k
032SR_075825.jpg,032SR_11,032SR,chair,2,obj_id_id1,k
032SR_029450.jpg,032SR_6,032SR,chair,3,obj_id_id2,h
032SR_007775.jpg,032SR_3,032SR,chair,2,obj_id_id1,b
032SR_054875.jpg,032SR_9,032SR,chair,3,obj_id_id3,e
032SR_007575.jpg,032SR_3,032SR,chair,2,obj_id_id1,b
032SR_037000.jpg,032SR_6,032SR,chair,3,obj_id_id3,d
032SR_015475.jpg,032SR_3,032SR,chair,1,obj_id_id1,a
032SR_028175.jpg,032SR_6,032SR,chair,3,obj_id_id3,i
032SR_031750.jpg,032SR_6,032SR,chair,3,obj_id_id2,f
032SR_031725.jpg,032SR_6,032SR,chair,3,obj_id_id1,j
032SR_039700.jpg,032SR_6,032SR,chair,2,obj_id_id1,f
032SR_034825.jpg,032SR_6,032SR,chair,2,obj_id_id2,d
032SR_075750.jpg,032SR_11,032SR,chair,2,obj_id_id1,k
038RB_058900.jpg,038RB_15,038RB,chair,1,obj_id_id1,g
038RB_066975.jpg,038RB_15,038RB,chair,2,obj_id_id2,b
038RB_066925.jpg,038RB_15,038RB,chair,2,obj_id_id2,b
038RB_096975.jpg,038RB_16,038RB,chair,3,obj_id_id2,i
038RB_058650.jpg,038RB_15,038RB,chair,1,obj_id_id1,g
038RB_098875.jpg,038RB_16,038RB,chair,2,obj_id_id2,l
038RB_068300.jpg,038RB_15,038RB,chair,2,obj_id_id2,d
038RB_068500.jpg,038RB_15,038RB,chair,3,obj_id_id3,d
038RB_058625.jpg,038RB_15,038RB,chair,1,obj_id_id1,g
038RB_061075.jpg,038RB_15,038RB,chair,2,obj_id_id1,a
038RB_066150.jpg,038RB_15,038RB,chair,2,obj_id_id2,e
038RB_065100.jpg,038RB_15,038RB,chair,2,obj_id_id2,e
038RB_065725.jpg,038RB_15,038RB,chair,2,obj_id_id2,b
038RB_100000.jpg,038RB_16,038RB,chair,3,obj_id_id2,i
038RB_067775.jpg,038RB_15,038RB,chair,3,obj_id_id1,a
038RB_097475.jpg,038RB_16,038RB,chair,2,obj_id_id2,l
038RB_099200.jpg,038RB_16,038RB,chair,2,obj_id_id2,l
038RB_096150.jpg,038RB_16,038RB,chair,2,obj_id_id1,i
038RB_096225.jpg,038RB_16,038RB,chair,3,obj_id_id1,h
046TE_054200.jpg,046TE_8,046TE,chair,2,obj_id_id2,e
046TE_040325.jpg,046TE_7,046TE,chair,2,obj_id_id1,b
046TE_076050.jpg,046TE_14,046TE,chair,2,obj_id_id2,f
046TE_036300.jpg,046TE_7,046TE,chair,3,obj_id_id3,d
046TE_078900.jpg,046TE_14,046TE,chair,3,obj_id_id1,a
046TE_079575.jpg,046TE_14,046TE,chair,1,obj_id_id1,a
046TE_055725.jpg,046TE_8,046TE,chair,3,obj_id_id3,d
046TE_055750.jpg,046TE_8,046TE,chair,3,obj_id_id2,c
046TE_073600.jpg,046TE_13,046TE,chair,3,obj_id_id3,e
046TE_073325.jpg,046TE_13,046TE,chair,3,obj_id_id3,f
046TE_057125.jpg,046TE_8,046TE,chair,2,obj_id_id1,b
046TE_076150.jpg,046TE_14,046TE,chair,2,obj_id_id2,f
046TE_040475.jpg,046TE_7,046TE,chair,2,obj_id_id2,b
046TE_072275.jpg,046TE_13,046TE,chair,2,obj_id_id1,c
046TE_069525.jpg,046TE_12,046TE,chair,3,obj_id_id2,c
046TE_080025.jpg,046TE_14,046TE,chair,2,obj_id_id1,a
046TE_072250.jpg,046TE_13,046TE,chair,3,obj_id_id2,c
046TE_054400.jpg,046TE_8,046TE,chair,1,obj_id_id1,d
046TE_071650.jpg,046TE_13,046TE,chair,2,obj_id_id1,c
042MB_025550.jpg,042MB_5,042MB,chair,3,obj_id_id3,d
042MB_019025.jpg,042MB_4,042MB,chair,2,obj_id_id2,d
042MB_047500.jpg,042MB_7,042MB,chair,3,obj_id_id1,e
042MB_050225.jpg,042MB_7,042MB,chair,3,obj_id_id3,c
042MB_009425.jpg,042MB_4,042MB,chair,1,obj_id_id1,f
042MB_023350.jpg,042MB_5,042MB,chair,1,obj_id_id1,h
042MB_023550.jpg,042MB_5,042MB,chair,1,obj_id_id1,h
042MB_049400.jpg,042MB_7,042MB,chair,3,obj_id_id2,g
042MB_057475.jpg,042MB_8,042MB,chair,2,obj_id_id1,f
042MB_025375.jpg,042MB_5,042MB,chair,2,obj_id_id1,c
042MB_057350.jpg,042MB_8,042MB,chair,1,obj_id_id1,f
042MB_005650.jpg,042MB_1,042MB,chair,1,obj_id_id1,d
042MB_017925.jpg,042MB_4,042MB,chair,1,obj_id_id1,e
042MB_047700.jpg,042MB_7,042MB,chair,2,obj_id_id1,g
042MB_049575.jpg,042MB_7,042MB,chair,2,obj_id_id2,d
042MB_037525.jpg,042MB_6,042MB,chair,3,obj_id_id1,b
042MB_014375.jpg,042MB_4,042MB,chair,1,obj_id_id1,d
042MB_064375.jpg,042MB_8,042MB,chair,1,obj_id_id1,d
042MB_041675.jpg,042MB_6,042MB,chair,1,obj_id_id1,h
037SM_008225.jpg,037SM_1,037SM,chair,2,obj_id_id2,b
037SM_008350.jpg,037SM_1,037SM,chair,1,obj_id_id1,c
037SM_007300.jpg,037SM_1,037SM,chair,1,obj_id_id1,c
037SM_068375.jpg,037SM_11,037SM,chair,2,obj_id_id2,b
037SM_042750.jpg,037SM_7,037SM,chair,1,obj_id_id1,a
037SM_062500.jpg,037SM_9,037SM,chair,2,obj_id_id2,h
037SM_062200.jpg,037SM_9,037SM,chair,1,obj_id_id1,d
037SM_061875.jpg,037SM_9,037SM,chair,3,obj_id_id2,h
037SM_062675.jpg,037SM_9,037SM,chair,3,obj_id_id1,f
037SM_012500.jpg,037SM_3,037SM,chair,3,obj_id_id1,a
037SM_040400.jpg,037SM_7,037SM,chair,2,obj_id_id1,b
037SM_012575.jpg,037SM_3,037SM,chair,3,obj_id_id3,c
037SM_059625.jpg,037SM_9,037SM,chair,2,obj_id_id1,d
037SM_040525.jpg,037SM_7,037SM,chair,2,obj_id_id2,c
037SM_059125.jpg,037SM_9,037SM,chair,1,obj_id_id1,d
037SM_059300.jpg,037SM_9,037SM,chair,1,obj_id_id1,f
037SM_061000.jpg,037SM_9,037SM,chair,1,obj_id_id1,d
037SM_059600.jpg,037SM_9,037SM,chair,1,obj_id_id1,g
037SM_059325.jpg,037SM_9,037SM,chair,3,obj_id_id2,g
033SE_055300.jpg,033SE_5,033SE,chair,1,obj_id_id1,i
033SE_027525.jpg,033SE_3,033SE,chair,2,obj_id_id2,f
033SE_027550.jpg,033SE_3,033SE,chair,2,obj_id_id2,g
033SE_055025.jpg,033SE_5,033SE,chair,2,obj_id_id1,f
033SE_054600.jpg,033SE_5,033SE,chair,2,obj_id_id1,b
033SE_023250.jpg,033SE_3,033SE,chair,3,obj_id_id1,a
033SE_027650.jpg,033SE_3,033SE,chair,2,obj_id_id2,i
033SE_055775.jpg,033SE_5,033SE,chair,3,obj_id_id3,g
033SE_063050.jpg,033SE_6,033SE,chair,2,obj_id_id1,a
033SE_061100.jpg,033SE_6,033SE,chair,2,obj_id_id2,c
033SE_022725.jpg,033SE_3,033SE,chair,1,obj_id_id1,c
033SE_055450.jpg,033SE_5,033SE,chair,2,obj_id_id2,f
033SE_061950.jpg,033SE_6,033SE,chair,3,obj_id_id2,b
033SE_023375.jpg,033SE_3,033SE,chair,3,obj_id_id1,a
033SE_002725.jpg,033SE_1,033SE,chair,1,obj_id_id1,a
033SE_023275.jpg,033SE_3,033SE,chair,3,obj_id_id3,g
033SE_005900.jpg,033SE_1,033SE,chair,2,obj_id_id2,c
033SE_022850.jpg,033SE_3,033SE,chair,1,obj_id_id1,c
033SE_055675.jpg,033SE_5,033SE,chair,2,obj_id_id2,g
039ED_025100.jpg,039ED_4,039ED,chair,2,obj_id_id2,h
039ED_025575.jpg,039ED_4,039ED,chair,2,obj_id_id2,h
039ED_075375.jpg,039ED_9,039ED,chair,2,obj_id_id1,e
039ED_026350.jpg,039ED_4,039ED,chair,3,obj_id_id2,f
039ED_076850.jpg,039ED_9,039ED,chair,2,obj_id_id1,e
039ED_023575.jpg,039ED_4,039ED,chair,2,obj_id_id1,d
039ED_026000.jpg,039ED_4,039ED,chair,2,obj_id_id1,c
039ED_026200.jpg,039ED_4,039ED,chair,3,obj_id_id3,e
039ED_055100.jpg,039ED_9,039ED,chair,1,obj_id_id1,g
039ED_025875.jpg,039ED_4,039ED,chair,3,obj_id_id1,f
039ED_014850.jpg,039ED_2,039ED,chair,2,obj_id_id2,i
039ED_027575.jpg,039ED_4,039ED,chair,3,obj_id_id3,h
039ED_055275.jpg,039ED_9,039ED,chair,2,obj_id_id1,g
039ED_057125.jpg,039ED_9,039ED,chair,1,obj_id_id1,c
039ED_054950.jpg,039ED_9,039ED,chair,2,obj_id_id2,h
039ED_011600.jpg,039ED_2,039ED,chair,2,obj_id_id2,b
039ED_025850.jpg,039ED_4,039ED,chair,2,obj_id_id2,h
039ED_025625.jpg,039ED_4,039ED,chair,2,obj_id_id2,h
039ED_012475.jpg,039ED_2,039ED,chair,1,obj_id_id1,a
043MP_005975.jpg,043MP_5,043MP,chair,2,obj_id_id2,b
043MP_022800.jpg,043MP_10,043MP,chair,2,obj_id_id2,a
043MP_005250.jpg,043MP_5,043MP,chair,2,obj_id_id2,a
043MP_005200.jpg,043MP_5,043MP,chair,2,obj_id_id2,d
043MP_025700.jpg,043MP_10,043MP,chair,2,obj_id_id2,e
043MP_005150.jpg,043MP_5,043MP,chair,2,obj_id_id1,b
043MP_022275.jpg,043MP_10,043MP,chair,2,obj_id_id1,g
043MP_024750.jpg,043MP_10,043MP,chair,2,obj_id_id2,f
043MP_022650.jpg,043MP_10,043MP,chair,2,obj_id_id2,g
043MP_025025.jpg,043MP_10,043MP,chair,2,obj_id_id1,g
043MP_023775.jpg,043MP_10,043MP,chair,1,obj_id_id1,g
043MP_022575.jpg,043MP_10,043MP,chair,3,obj_id_id3,a
043MP_005750.jpg,043MP_5,043MP,chair,2,obj_id_id2,e
043MP_022525.jpg,043MP_10,043MP,chair,3,obj_id_id3,a
043MP_026150.jpg,043MP_10,043MP,chair,3,obj_id_id1,f
043MP_005850.jpg,043MP_5,043MP,chair,2,obj_id_id1,f
043MP_030925.jpg,043MP_12,043MP,chair,2,obj_id_id1,b
043MP_025550.jpg,043MP_10,043MP,chair,2,obj_id_id2,f
043MP_023900.jpg,043MP_10,043MP,chair,1,obj_id_id1,g
045NA_048000.jpg,045NA_11,045NA,chair,1,obj_id_id1,f
045NA_044550.jpg,045NA_11,045NA,chair,1,obj_id_id1,a
045NA_036825.jpg,045NA_10,045NA,chair,1,obj_id_id1,a
045NA_040975.jpg,045NA_11,045NA,chair,2,obj_id_id2,f
045NA_044025.jpg,045NA_11,045NA,chair,2,obj_id_id1,d
045NA_045925.jpg,045NA_11,045NA,chair,2,obj_id_id1,d
045NA_049550.jpg,045NA_11,045NA,chair,2,obj_id_id2,g
045NA_048075.jpg,045NA_11,045NA,chair,2,obj_id_id2,f
045NA_000600.jpg,045NA_1,045NA,chair,1,obj_id_id1,a
045NA_049775.jpg,045NA_11,045NA,chair,1,obj_id_id1,a
045NA_049525.jpg,045NA_11,045NA,chair,2,obj_id_id2,g
045NA_047675.jpg,045NA_11,045NA,chair,2,obj_id_id2,f
045NA_049150.jpg,045NA_11,045NA,chair,2,obj_id_id1,d
045NA_044775.jpg,045NA_11,045NA,chair,1,obj_id_id1,a
045NA_046275.jpg,045NA_11,045NA,chair,1,obj_id_id1,f
045NA_044075.jpg,045NA_11,045NA,chair,1,obj_id_id1,g
045NA_048925.jpg,045NA_11,045NA,chair,2,obj_id_id1,d
045NA_049600.jpg,045NA_11,045NA,chair,2,obj_id_id2,g
045NA_047625.jpg,045NA_11,045NA,chair,3,obj_id_id3,g
031HW_028450.jpg,031HW_5,031HW,chair,3,obj_id_id2,c
031HW_063525.jpg,031HW_11,031HW,chair,2,obj_id_id1,b
031HW_019375.jpg,031HW_4,031HW,chair,2,obj_id_id1,d
031HW_018725.jpg,031HW_4,031HW,chair,3,obj_id_id2,b
031HW_026200.jpg,031HW_5,031HW,chair,2,obj_id_id2,a
031HW_018700.jpg,031HW_4,031HW,chair,2,obj_id_id2,b
031HW_025975.jpg,031HW_5,031HW,chair,2,obj_id_id2,a
031HW_026300.jpg,031HW_5,031HW,chair,3,obj_id_id3,a
031HW_018875.jpg,031HW_4,031HW,chair,2,obj_id_id1,d
031HW_028425.jpg,031HW_5,031HW,chair,3,obj_id_id3,a
031HW_028900.jpg,031HW_5,031HW,chair,2,obj_id_id1,c
031HW_026775.jpg,031HW_5,031HW,chair,2,obj_id_id1,c
031HW_001800.jpg,031HW_3,031HW,chair,2,obj_id_id2,b
031HW_019175.jpg,031HW_4,031HW,chair,2,obj_id_id2,c
031HW_026950.jpg,031HW_5,031HW,chair,1,obj_id_id1,c
031HW_028625.jpg,031HW_5,031HW,chair,2,obj_id_id1,c
031HW_019350.jpg,031HW_4,031HW,chair,2,obj_id_id2,b
031HW_019800.jpg,031HW_4,031HW,chair,3,obj_id_id2,b
031HW_029075.jpg,031HW_5,031HW,chair,1,obj_id_id1,b
047MS_021300.jpg,047MS_12,047MS,chair,1,obj_id_id1,b
047MS_019525.jpg,047MS_12,047MS,chair,2,obj_id_id2,c
047MS_001900.jpg,047MS_2,047MS,chair,1,obj_id_id1,a
047MS_002900.jpg,047MS_2,047MS,chair,1,obj_id_id1,c
047MS_021350.jpg,047MS_12,047MS,chair,3,obj_id_id2,b
047MS_019950.jpg,047MS_12,047MS,chair,2,obj_id_id2,c
047MS_003375.jpg,047MS_2,047MS,chair,1,obj_id_id1,a
047MS_019800.jpg,047MS_12,047MS,chair,2,obj_id_id2,c
047MS_011500.jpg,047MS_2,047MS,chair,1,obj_id_id1,a
047MS_011050.jpg,047MS_2,047MS,chair,1,obj_id_id1,a
047MS_020400.jpg,047MS_12,047MS,chair,2,obj_id_id2,c
047MS_006500.jpg,047MS_2,047MS,chair,1,obj_id_id1,d
047MS_008275.jpg,047MS_2,047MS,chair,1,obj_id_id1,a
047MS_004075.jpg,047MS_2,047MS,chair,1,obj_id_id1,a
047MS_002400.jpg,047MS_2,047MS,chair,1,obj_id_id1,d
047MS_019325.jpg,047MS_12,047MS,chair,2,obj_id_id1,b
047MS_009850.jpg,047MS_2,047MS,chair,1,obj_id_id1,d
047MS_009775.jpg,047MS_2,047MS,chair,1,obj_id_id1,d
047MS_002875.jpg,047MS_2,047MS,chair,1,obj_id_id1,c
041EC_013325.jpg,041EC_3,041EC,chair,2,obj_id_id1,d
041EC_015975.jpg,041EC_3,041EC,chair,2,obj_id_id2,e
041EC_013425.jpg,041EC_3,041EC,chair,2,obj_id_id1,f
041EC_014900.jpg,041EC_3,041EC,chair,2,obj_id_id2,d
041EC_014200.jpg,041EC_3,041EC,chair,1,obj_id_id1,e
041EC_000075.jpg,041EC_1,041EC,chair,3,obj_id_id2,b
041EC_013375.jpg,041EC_3,041EC,chair,2,obj_id_id1,d
041EC_000025.jpg,041EC_1,041EC,chair,3,obj_id_id2,b
041EC_000200.jpg,041EC_1,041EC,chair,2,obj_id_id1,b
041EC_000175.jpg,041EC_1,041EC,chair,3,obj_id_id2,b
041EC_014475.jpg,041EC_3,041EC,chair,2,obj_id_id2,d
041EC_014775.jpg,041EC_3,041EC,chair,2,obj_id_id1,f
041EC_000100.jpg,041EC_1,041EC,chair,3,obj_id_id1,a
041EC_015175.jpg,041EC_3,041EC,chair,2,obj_id_id2,d
041EC_014975.jpg,041EC_3,041EC,chair,2,obj_id_id1,f
041EC_015850.jpg,041EC_3,041EC,chair,1,obj_id_id1,e
041EC_014875.jpg,041EC_3,041EC,chair,2,obj_id_id1,f
041EC_000050.jpg,041EC_1,041EC,chair,3,obj_id_id2,b
041EC_015875.jpg,041EC_3,041EC,chair,2,obj_id_id2,e
036MR_065900.jpg,036MR_13,036MR,chair,1,obj_id_id1,b
036MR_066525.jpg,036MR_13,036MR,chair,2,obj_id_id2,a
036MR_063600.jpg,036MR_12,036MR,chair,1,obj_id_id1,c
036MR_065650.jpg,036MR_13,036MR,chair,1,obj_id_id1,b
036MR_063550.jpg,036MR_12,036MR,chair,1,obj_id_id1,c
036MR_060800.jpg,036MR_11,036MR,chair,1,obj_id_id1,b
036MR_070425.jpg,036MR_13,036MR,chair,1,obj_id_id1,c
036MR_066450.jpg,036MR_13,036MR,chair,2,obj_id_id2,a
036MR_060975.jpg,036MR_11,036MR,chair,1,obj_id_id1,a
036MR_074100.jpg,036MR_13,036MR,chair,1,obj_id_id1,c
036MR_069175.jpg,036MR_13,036MR,chair,1,obj_id_id1,a
036MR_065575.jpg,036MR_13,036MR,chair,1,obj_id_id1,b
036MR_059900.jpg,036MR_11,036MR,chair,1,obj_id_id1,a
036MR_066575.jpg,036MR_13,036MR,chair,1,obj_id_id1,a
036MR_060425.jpg,036MR_11,036MR,chair,1,obj_id_id1,b
036MR_061850.jpg,036MR_11,036MR,chair,1,obj_id_id1,c
036MR_070500.jpg,036MR_13,036MR,chair,1,obj_id_id1,c
036MR_066475.jpg,036MR_13,036MR,chair,2,obj_id_id2,a
036MR_062075.jpg,036MR_11,036MR,chair,1,obj_id_id1,a
030FD_076450.jpg,030FD_9,030FD,cup,1,obj_id_id1,j
030FD_078325.jpg,030FD_9,030FD,cup,3,obj_id_id1,o
030FD_055150.jpg,030FD_6,030FD,cup,2,obj_id_id2,f
030FD_078150.jpg,030FD_9,030FD,cup,3,obj_id_id3,n
030FD_053775.jpg,030FD_6,030FD,cup,3,obj_id_id3,f
030FD_067150.jpg,030FD_9,030FD,cup,3,obj_id_id1,j
030FD_078925.jpg,030FD_9,030FD,cup,2,obj_id_id2,k
030FD_001550.jpg,030FD_1,030FD,cup,1,obj_id_id1,a
030FD_076075.jpg,030FD_9,030FD,cup,3,obj_id_id1,l
030FD_067850.jpg,030FD_9,030FD,cup,2,obj_id_id1,l
045NA_046350.jpg,045NA_11,045NA,cup,2,obj_id_id2,h
045NA_047150.jpg,045NA_11,045NA,cup,2,obj_id_id1,g
045NA_045825.jpg,045NA_11,045NA,cup,1,obj_id_id1,h
045NA_047950.jpg,045NA_11,045NA,cup,3,obj_id_id3,i
045NA_048525.jpg,045NA_11,045NA,cup,2,obj_id_id1,g
045NA_049100.jpg,045NA_11,045NA,cup,2,obj_id_id1,g
045NA_046700.jpg,045NA_11,045NA,cup,2,obj_id_id1,g
045NA_046750.jpg,045NA_11,045NA,cup,2,obj_id_id2,h
045NA_048000.jpg,045NA_11,045NA,cup,3,obj_id_id3,i
045NA_046625.jpg,045NA_11,045NA,cup,2,obj_id_id2,h
046TE_055700.jpg,046TE_8,046TE,cup,2,obj_id_id1,a
046TE_057350.jpg,046TE_8,046TE,cup,2,obj_id_id2,d
046TE_037300.jpg,046TE_7,046TE,cup,2,obj_id_id2,c
046TE_056500.jpg,046TE_8,046TE,cup,3,obj_id_id1,a
046TE_080525.jpg,046TE_14,046TE,cup,1,obj_id_id1,f
046TE_036375.jpg,046TE_7,046TE,cup,2,obj_id_id2,c
046TE_057250.jpg,046TE_8,046TE,cup,3,obj_id_id3,e
046TE_056975.jpg,046TE_8,046TE,cup,3,obj_id_id2,d
046TE_054150.jpg,046TE_8,046TE,cup,1,obj_id_id1,a
046TE_035125.jpg,046TE_7,046TE,cup,1,obj_id_id1,a
037SM_062750.jpg,037SM_9,037SM,cup,1,obj_id_id1,g
037SM_044675.jpg,037SM_7,037SM,cup,1,obj_id_id1,d
037SM_042150.jpg,037SM_7,037SM,cup,1,obj_id_id1,d
037SM_062550.jpg,037SM_9,037SM,cup,1,obj_id_id1,g
037SM_061075.jpg,037SM_9,037SM,cup,1,obj_id_id1,e
037SM_063175.jpg,037SM_9,037SM,cup,1,obj_id_id1,g
037SM_014925.jpg,037SM_3,037SM,cup,2,obj_id_id1,a
037SM_065675.jpg,037SM_11,037SM,cup,2,obj_id_id1,b
037SM_068150.jpg,037SM_11,037SM,cup,2,obj_id_id1,b
037SM_014975.jpg,037SM_3,037SM,cup,2,obj_id_id1,a
038RB_098175.jpg,038RB_16,038RB,cup,3,obj_id_id1,f
038RB_100100.jpg,038RB_16,038RB,cup,3,obj_id_id1,e
038RB_098025.jpg,038RB_16,038RB,cup,2,obj_id_id1,c
038RB_097000.jpg,038RB_16,038RB,cup,3,obj_id_id1,b
038RB_099375.jpg,038RB_16,038RB,cup,2,obj_id_id1,g
038RB_096600.jpg,038RB_16,038RB,cup,3,obj_id_id1,e
038RB_096975.jpg,038RB_16,038RB,cup,3,obj_id_id2,c
038RB_096875.jpg,038RB_16,038RB,cup,1,obj_id_id1,e
038RB_095525.jpg,038RB_16,038RB,cup,1,obj_id_id1,b
038RB_095550.jpg,038RB_16,038RB,cup,2,obj_id_id2,c
032SR_033950.jpg,032SR_6,032SR,cup,3,obj_id_id2,d
032SR_089025.jpg,032SR_12,032SR,cup,1,obj_id_id1,i
032SR_088800.jpg,032SR_12,032SR,cup,1,obj_id_id1,i
032SR_055300.jpg,032SR_9,032SR,cup,1,obj_id_id1,d
032SR_034200.jpg,032SR_6,032SR,cup,3,obj_id_id1,c
032SR_033275.jpg,032SR_6,032SR,cup,3,obj_id_id1,c
032SR_010800.jpg,032SR_3,032SR,cup,2,obj_id_id2,a
032SR_055550.jpg,032SR_9,032SR,cup,1,obj_id_id1,d
032SR_088775.jpg,032SR_12,032SR,cup,1,obj_id_id1,i
032SR_089125.jpg,032SR_12,032SR,cup,1,obj_id_id1,i
042MB_004275.jpg,042MB_1,042MB,cup,1,obj_id_id1,a
042MB_056550.jpg,042MB_8,042MB,cup,2,obj_id_id1,j
042MB_056425.jpg,042MB_8,042MB,cup,2,obj_id_id1,j
042MB_004375.jpg,042MB_1,042MB,cup,1,obj_id_id1,a
042MB_005675.jpg,042MB_1,042MB,cup,2,obj_id_id2,b
042MB_004100.jpg,042MB_1,042MB,cup,2,obj_id_id2,b
042MB_016075.jpg,042MB_4,042MB,cup,1,obj_id_id1,f
042MB_004625.jpg,042MB_1,042MB,cup,1,obj_id_id1,a
042MB_056400.jpg,042MB_8,042MB,cup,2,obj_id_id1,j
042MB_057025.jpg,042MB_8,042MB,cup,1,obj_id_id1,j
033SE_005775.jpg,033SE_1,033SE,cup,1,obj_id_id1,a
033SE_112875.jpg,033SE_11,033SE,cup,1,obj_id_id1,b
033SE_060700.jpg,033SE_6,033SE,cup,1,obj_id_id1,i
033SE_026950.jpg,033SE_3,033SE,cup,1,obj_id_id1,a
033SE_111175.jpg,033SE_11,033SE,cup,1,obj_id_id1,b
033SE_029225.jpg,033SE_3,033SE,cup,1,obj_id_id1,d
033SE_029600.jpg,033SE_3,033SE,cup,2,obj_id_id1,a
033SE_060725.jpg,033SE_6,033SE,cup,1,obj_id_id1,i
033SE_029450.jpg,033SE_3,033SE,cup,1,obj_id_id1,d
033SE_022250.jpg,033SE_3,033SE,cup,1,obj_id_id1,d
043MP_024100.jpg,043MP_10,043MP,cup,1,obj_id_id1,a
043MP_025325.jpg,043MP_10,043MP,cup,1,obj_id_id1,a
043MP_022650.jpg,043MP_10,043MP,cup,1,obj_id_id1,a
043MP_023825.jpg,043MP_10,043MP,cup,1,obj_id_id1,a
043MP_023725.jpg,043MP_10,043MP,cup,1,obj_id_id1,a
043MP_022425.jpg,043MP_10,043MP,cup,1,obj_id_id1,a
043MP_023775.jpg,043MP_10,043MP,cup,1,obj_id_id1,a
043MP_023900.jpg,043MP_10,043MP,cup,1,obj_id_id1,a
043MP_022875.jpg,043MP_10,043MP,cup,1,obj_id_id1,a
043MP_024275.jpg,043MP_10,043MP,cup,1,obj_id_id1,a
047MS_008125.jpg,047MS_2,047MS,cup,1,obj_id_id1,b
047MS_008325.jpg,047MS_2,047MS,cup,1,obj_id_id1,b
047MS_008300.jpg,047MS_2,047MS,cup,1,obj_id_id1,b
047MS_008275.jpg,047MS_2,047MS,cup,1,obj_id_id1,b
047MS_011050.jpg,047MS_2,047MS,cup,1,obj_id_id1,b
047MS_013925.jpg,047MS_8,047MS,cup,2,obj_id_id2,c
047MS_007050.jpg,047MS_2,047MS,cup,1,obj_id_id1,c
047MS_007300.jpg,047MS_2,047MS,cup,1,obj_id_id1,c
047MS_007375.jpg,047MS_2,047MS,cup,1,obj_id_id1,c
047MS_008200.jpg,047MS_2,047MS,cup,1,obj_id_id1,b
031HW_018575.jpg,031HW_4,031HW,cup,1,obj_id_id1,b
031HW_072925.jpg,031HW_12,031HW,cup,1,obj_id_id1,c
031HW_072850.jpg,031HW_12,031HW,cup,1,obj_id_id1,c
031HW_019250.jpg,031HW_4,031HW,cup,1,obj_id_id1,b
031HW_001850.jpg,031HW_3,031HW,cup,1,obj_id_id1,a
031HW_028700.jpg,031HW_5,031HW,cup,1,obj_id_id1,b
031HW_001500.jpg,031HW_3,031HW,cup,1,obj_id_id1,a
031HW_018600.jpg,031HW_4,031HW,cup,1,obj_id_id1,b
031HW_073000.jpg,031HW_12,031HW,cup,1,obj_id_id1,c
031HW_073400.jpg,031HW_12,031HW,cup,1,obj_id_id1,c
036MR_068475.jpg,036MR_13,036MR,cup,2,obj_id_id2,b
036MR_059525.jpg,036MR_11,036MR,cup,1,obj_id_id1,a
036MR_070550.jpg,036MR_13,036MR,cup,1,obj_id_id1,b
036MR_069050.jpg,036MR_13,036MR,cup,1,obj_id_id1,a
036MR_071300.jpg,036MR_13,036MR,cup,1,obj_id_id1,b
036MR_060250.jpg,036MR_11,036MR,cup,1,obj_id_id1,a
036MR_071325.jpg,036MR_13,036MR,cup,1,obj_id_id1,b
036MR_069175.jpg,036MR_13,036MR,cup,1,obj_id_id1,a
036MR_058900.jpg,036MR_11,036MR,cup,1,obj_id_id1,a
036MR_071350.jpg,036MR_13,036MR,cup,1,obj_id_id1,b
041EC_014675.jpg,041EC_3,041EC,cup,1,obj_id_id1,a
041EC_015925.jpg,041EC_3,041EC,cup,1,obj_id_id1,a
041EC_014800.jpg,041EC_3,041EC,cup,1,obj_id_id1,a
041EC_016000.jpg,041EC_3,041EC,cup,1,obj_id_id1,a
041EC_017400.jpg,041EC_3,041EC,cup,1,obj_id_id1,a
041EC_014650.jpg,041EC_3,041EC,cup,1,obj_id_id1,a
041EC_016350.jpg,041EC_3,041EC,cup,1,obj_id_id1,a
041EC_014725.jpg,041EC_3,041EC,cup,1,obj_id_id1,a
041EC_015175.jpg,041EC_3,041EC,cup,1,obj_id_id1,a
041EC_017650.jpg,041EC_3,041EC,cup,1,obj_id_id1,a
030FD_037950.jpg,030FD_4,030FD,door,1,obj_id_id1,c
030FD_000275.jpg,030FD_1,030FD,door,2,obj_id_id2,b
030FD_037150.jpg,030FD_4,030FD,door,2,obj_id_id1,a
030FD_004200.jpg,030FD_2,030FD,door,2,obj_id_id2,c
030FD_000025.jpg,030FD_1,030FD,door,2,obj_id_id2,b
030FD_032000.jpg,030FD_4,030FD,door,1,obj_id_id1,e
030FD_023925.jpg,030FD_3,030FD,door,1,obj_id_id1,c
030FD_000725.jpg,030FD_1,030FD,door,2,obj_id_id1,a
030FD_033125.jpg,030FD_4,030FD,door,1,obj_id_id1,e
030FD_027300.jpg,030FD_4,030FD,door,1,obj_id_id1,e
030FD_023425.jpg,030FD_3,030FD,door,1,obj_id_id1,c
030FD_016600.jpg,030FD_3,030FD,door,2,obj_id_id2,b
030FD_032625.jpg,030FD_4,030FD,door,1,obj_id_id1,e
030FD_005700.jpg,030FD_2,030FD,door,1,obj_id_id1,c
030FD_037650.jpg,030FD_4,030FD,door,2,obj_id_id1,a
047MS_021150.jpg,047MS_12,047MS,door,1,obj_id_id1,a
047MS_008075.jpg,047MS_2,047MS,door,2,obj_id_id1,a
047MS_003000.jpg,047MS_2,047MS,door,3,obj_id_id3,c
047MS_007175.jpg,047MS_2,047MS,door,1,obj_id_id1,a
047MS_008575.jpg,047MS_2,047MS,door,3,obj_id_id1,a
047MS_003025.jpg,047MS_2,047MS,door,2,obj_id_id2,b
047MS_004250.jpg,047MS_2,047MS,door,3,obj_id_id2,b
047MS_008200.jpg,047MS_2,047MS,door,3,obj_id_id2,b
047MS_014475.jpg,047MS_8,047MS,door,1,obj_id_id1,c
047MS_016000.jpg,047MS_8,047MS,door,2,obj_id_id1,a
047MS_003325.jpg,047MS_2,047MS,door,3,obj_id_id3,c
047MS_010550.jpg,047MS_2,047MS,door,3,obj_id_id2,b
047MS_007125.jpg,047MS_2,047MS,door,2,obj_id_id1,a
047MS_008875.jpg,047MS_2,047MS,door,2,obj_id_id2,c
047MS_016025.jpg,047MS_8,047MS,door,2,obj_id_id1,a
032SR_055050.jpg,032SR_9,032SR,door,2,obj_id_id2,f
032SR_081950.jpg,032SR_11,032SR,door,2,obj_id_id1,a
032SR_055825.jpg,032SR_9,032SR,door,2,obj_id_id1,e
032SR_082225.jpg,032SR_11,032SR,door,3,obj_id_id1,a
032SR_054650.jpg,032SR_9,032SR,door,2,obj_id_id2,f
032SR_024600.jpg,032SR_6,032SR,door,3,obj_id_id2,f
032SR_032150.jpg,032SR_6,032SR,door,2,obj_id_id2,f
032SR_054750.jpg,032SR_9,032SR,door,1,obj_id_id1,e
032SR_013450.jpg,032SR_3,032SR,door,1,obj_id_id1,a
032SR_056125.jpg,032SR_9,032SR,door,3,obj_id_id1,e
032SR_054775.jpg,032SR_9,032SR,door,3,obj_id_id1,e
032SR_054975.jpg,032SR_9,032SR,door,3,obj_id_id2,f
032SR_010575.jpg,032SR_3,032SR,door,1,obj_id_id1,a
032SR_087175.jpg,032SR_12,032SR,door,3,obj_id_id1,e
032SR_055000.jpg,032SR_9,032SR,door,3,obj_id_id1,e
033SE_048500.jpg,033SE_3,033SE,door,3,obj_id_id2,n
033SE_048600.jpg,033SE_3,033SE,door,1,obj_id_id1,n
033SE_048425.jpg,033SE_3,033SE,door,3,obj_id_id1,l
033SE_048550.jpg,033SE_3,033SE,door,3,obj_id_id1,l
033SE_048650.jpg,033SE_3,033SE,door,3,obj_id_id2,n
033SE_024550.jpg,033SE_3,033SE,door,1,obj_id_id1,g
033SE_027750.jpg,033SE_3,033SE,door,1,obj_id_id1,g
033SE_025575.jpg,033SE_3,033SE,door,1,obj_id_id1,g
033SE_048375.jpg,033SE_3,033SE,door,3,obj_id_id2,m
033SE_030350.jpg,033SE_3,033SE,door,2,obj_id_id2,n
033SE_047800.jpg,033SE_3,033SE,door,1,obj_id_id1,l
033SE_048675.jpg,033SE_3,033SE,door,2,obj_id_id2,v
033SE_047775.jpg,033SE_3,033SE,door,2,obj_id_id2,n
033SE_024250.jpg,033SE_3,033SE,door,1,obj_id_id1,g
033SE_030375.jpg,033SE_3,033SE,door,2,obj_id_id1,l
039ED_068375.jpg,039ED_9,039ED,door,1,obj_id_id1,h
039ED_021725.jpg,039ED_4,039ED,door,2,obj_id_id2,b
039ED_086700.jpg,039ED_12,039ED,door,1,obj_id_id1,v
039ED_021750.jpg,039ED_4,039ED,door,2,obj_id_id2,b
039ED_007425.jpg,039ED_2,039ED,door,1,obj_id_id1,a
039ED_022150.jpg,039ED_4,039ED,door,2,obj_id_id1,a
039ED_057350.jpg,039ED_9,039ED,door,3,obj_id_id1,j
039ED_058325.jpg,039ED_9,039ED,door,1,obj_id_id1,h
039ED_075975.jpg,039ED_9,039ED,door,1,obj_id_id1,t
039ED_084550.jpg,039ED_12,039ED,door,1,obj_id_id1,u
039ED_084475.jpg,039ED_12,039ED,door,1,obj_id_id1,u
039ED_021850.jpg,039ED_4,039ED,door,2,obj_id_id2,b
039ED_022100.jpg,039ED_4,039ED,door,1,obj_id_id1,a
039ED_057200.jpg,039ED_9,039ED,door,3,obj_id_id3,t
039ED_056675.jpg,039ED_9,039ED,door,2,obj_id_id2,t
031HW_102250.jpg,031HW_16,031HW,door,1,obj_id_id1,q
031HW_102175.jpg,031HW_16,031HW,door,1,obj_id_id1,q
031HW_075175.jpg,031HW_12,031HW,door,3,obj_id_id1,h
031HW_102150.jpg,031HW_16,031HW,door,1,obj_id_id1,e
031HW_072125.jpg,031HW_12,031HW,door,3,obj_id_id1,c
031HW_091325.jpg,031HW_14,031HW,door,1,obj_id_id1,m
031HW_071125.jpg,031HW_12,031HW,door,1,obj_id_id1,f
031HW_091450.jpg,031HW_14,031HW,door,3,obj_id_id1,m
031HW_086925.jpg,031HW_14,031HW,door,2,obj_id_id1,k
031HW_073850.jpg,031HW_12,031HW,door,1,obj_id_id1,g
031HW_074575.jpg,031HW_12,031HW,door,1,obj_id_id1,g
031HW_071000.jpg,031HW_12,031HW,door,1,obj_id_id1,f
031HW_074375.jpg,031HW_12,031HW,door,1,obj_id_id1,g
031HW_026300.jpg,031HW_5,031HW,door,3,obj_id_id3,e
031HW_074550.jpg,031HW_12,031HW,door,1,obj_id_id1,g
037SM_013325.jpg,037SM_3,037SM,door,1,obj_id_id1,a
037SM_013400.jpg,037SM_3,037SM,door,1,obj_id_id1,a
037SM_064025.jpg,037SM_11,037SM,door,2,obj_id_id1,a
037SM_067050.jpg,037SM_11,037SM,door,2,obj_id_id2,b
037SM_043300.jpg,037SM_7,037SM,door,2,obj_id_id1,a
037SM_039350.jpg,037SM_7,037SM,door,1,obj_id_id1,a
037SM_065050.jpg,037SM_11,037SM,door,1,obj_id_id1,a
037SM_004725.jpg,037SM_1,037SM,door,2,obj_id_id2,b
037SM_044500.jpg,037SM_7,037SM,door,1,obj_id_id1,a
037SM_065125.jpg,037SM_11,037SM,door,2,obj_id_id2,b
037SM_067075.jpg,037SM_11,037SM,door,2,obj_id_id1,a
037SM_067175.jpg,037SM_11,037SM,door,1,obj_id_id1,a
037SM_013375.jpg,037SM_3,037SM,door,1,obj_id_id1,a
037SM_068100.jpg,037SM_11,037SM,door,1,obj_id_id1,a
037SM_013350.jpg,037SM_3,037SM,door,2,obj_id_id1,a
045NA_049825.jpg,045NA_11,045NA,door,2,obj_id_id1,g
045NA_047975.jpg,045NA_11,045NA,door,2,obj_id_id1,g
045NA_046350.jpg,045NA_11,045NA,door,2,obj_id_id1,g
045NA_049500.jpg,045NA_11,045NA,door,2,obj_id_id1,g
045NA_047675.jpg,045NA_11,045NA,door,2,obj_id_id1,g
045NA_044475.jpg,045NA_11,045NA,door,2,obj_id_id1,g
045NA_044175.jpg,045NA_11,045NA,door,2,obj_id_id1,g
045NA_047950.jpg,045NA_11,045NA,door,2,obj_id_id1,g
045NA_047800.jpg,045NA_11,045NA,door,2,obj_id_id1,g
045NA_046375.jpg,045NA_11,045NA,door,2,obj_id_id1,g
045NA_043750.jpg,045NA_11,045NA,door,2,obj_id_id1,g
045NA_047900.jpg,045NA_11,045NA,door,2,obj_id_id1,g
045NA_049750.jpg,045NA_11,045NA,door,2,obj_id_id1,g
045NA_049850.jpg,045NA_11,045NA,door,2,obj_id_id1,g
045NA_047525.jpg,045NA_11,045NA,door,2,obj_id_id1,g
036MR_025550.jpg,036MR_7,036MR,door,2,obj_id_id1,a
036MR_025450.jpg,036MR_7,036MR,door,2,obj_id_id1,a
036MR_025175.jpg,036MR_7,036MR,door,2,obj_id_id1,a
036MR_025825.jpg,036MR_7,036MR,door,2,obj_id_id1,a
036MR_025275.jpg,036MR_7,036MR,door,2,obj_id_id1,a
036MR_025075.jpg,036MR_7,036MR,door,2,obj_id_id1,a
036MR_025000.jpg,036MR_7,036MR,door,2,obj_id_id1,a
036MR_025425.jpg,036MR_7,036MR,door,2,obj_id_id1,a
036MR_025375.jpg,036MR_7,036MR,door,2,obj_id_id1,a
036MR_025200.jpg,036MR_7,036MR,door,2,obj_id_id1,a
036MR_024650.jpg,036MR_7,036MR,door,2,obj_id_id1,a
036MR_025400.jpg,036MR_7,036MR,door,2,obj_id_id1,a
036MR_025650.jpg,036MR_7,036MR,door,2,obj_id_id1,a
036MR_025475.jpg,036MR_7,036MR,door,2,obj_id_id1,a
036MR_025250.jpg,036MR_7,036MR,door,2,obj_id_id1,a
042MB_048150.jpg,042MB_7,042MB,door,1,obj_id_id1,e
042MB_001675.jpg,042MB_1,042MB,door,1,obj_id_id1,b
042MB_001625.jpg,042MB_1,042MB,door,1,obj_id_id1,b
042MB_049350.jpg,042MB_7,042MB,door,1,obj_id_id1,e
042MB_065825.jpg,042MB_8,042MB,door,1,obj_id_id1,e
042MB_042000.jpg,042MB_6,042MB,door,1,obj_id_id1,e
042MB_001600.jpg,042MB_1,042MB,door,1,obj_id_id1,b
042MB_065800.jpg,042MB_8,042MB,door,1,obj_id_id1,e
042MB_001650.jpg,042MB_1,042MB,door,1,obj_id_id1,b
042MB_001875.jpg,042MB_1,042MB,door,1,obj_id_id1,b
042MB_001550.jpg,042MB_1,042MB,door,1,obj_id_id1,b
042MB_002850.jpg,042MB_1,042MB,door,1,obj_id_id1,e
042MB_018200.jpg,042MB_4,042MB,door,1,obj_id_id1,e
042MB_001750.jpg,042MB_1,042MB,door,1,obj_id_id1,b
042MB_018225.jpg,042MB_4,042MB,door,1,obj_id_id1,e
043MP_026075.jpg,043MP_10,043MP,door,1,obj_id_id1,d
043MP_025150.jpg,043MP_10,043MP,door,3,obj_id_id3,d
043MP_002275.jpg,043MP_2,043MP,door,1,obj_id_id1,a
043MP_024900.jpg,043MP_10,043MP,door,3,obj_id_id1,b
043MP_031025.jpg,043MP_12,043MP,door,1,obj_id_id1,a
043MP_023025.jpg,043MP_10,043MP,door,3,obj_id_id3,d
043MP_030750.jpg,043MP_12,043MP,door,1,obj_id_id1,a
043MP_005150.jpg,043MP_5,043MP,door,1,obj_id_id1,a
043MP_030325.jpg,043MP_12,043MP,door,1,obj_id_id1,c
043MP_030900.jpg,043MP_12,043MP,door,1,obj_id_id1,a
043MP_025750.jpg,043MP_10,043MP,door,1,obj_id_id1,d
043MP_024875.jpg,043MP_10,043MP,door,3,obj_id_id3,d
043MP_030550.jpg,043MP_12,043MP,door,1,obj_id_id1,b
043MP_031350.jpg,043MP_12,043MP,door,1,obj_id_id1,a
043MP_024850.jpg,043MP_10,043MP,door,3,obj_id_id3,d
038RB_061600.jpg,038RB_15,038RB,door,1,obj_id_id1,i
038RB_060125.jpg,038RB_15,038RB,door,3,obj_id_id1,i
038RB_096775.jpg,038RB_16,038RB,door,1,obj_id_id1,e
038RB_062500.jpg,038RB_15,038RB,door,3,obj_id_id1,a
038RB_029700.jpg,038RB_8,038RB,door,1,obj_id_id1,a
038RB_063475.jpg,038RB_15,038RB,door,2,obj_id_id1,a
038RB_096825.jpg,038RB_16,038RB,door,1,obj_id_id1,e
038RB_096900.jpg,038RB_16,038RB,door,1,obj_id_id1,e
038RB_060875.jpg,038RB_15,038RB,door,1,obj_id_id1,i
038RB_062600.jpg,038RB_15,038RB,door,2,obj_id_id2,g
038RB_061125.jpg,038RB_15,038RB,door,1,obj_id_id1,i
038RB_097950.jpg,038RB_16,038RB,door,1,obj_id_id1,e
038RB_060350.jpg,038RB_15,038RB,door,3,obj_id_id1,a
038RB_060525.jpg,038RB_15,038RB,door,2,obj_id_id1,a
038RB_058775.jpg,038RB_15,038RB,door,1,obj_id_id1,i
037SM_015225.jpg,037SM_3,037SM,spoon,2,obj_id_id1,b
037SM_015375.jpg,037SM_3,037SM,spoon,2,obj_id_id1,b
037SM_014225.jpg,037SM_3,037SM,spoon,2,obj_id_id2,a
037SM_065600.jpg,037SM_11,037SM,spoon,1,obj_id_id1,a
037SM_015325.jpg,037SM_3,037SM,spoon,2,obj_id_id1,b
037SM_015150.jpg,037SM_3,037SM,spoon,2,obj_id_id1,b
037SM_009550.jpg,037SM_1,037SM,spoon,1,obj_id_id1,a
037SM_014250.jpg,037SM_3,037SM,spoon,2,obj_id_id1,b
037SM_015075.jpg,037SM_3,037SM,spoon,2,obj_id_id1,b
037SM_015100.jpg,037SM_3,037SM,spoon,2,obj_id_id2,a
037SM_006800.jpg,037SM_1,037SM,spoon,1,obj_id_id1,a
037SM_005925.jpg,037SM_1,037SM,spoon,1,obj_id_id1,a
045NA_046050.jpg,045NA_11,045NA,spoon,3,obj_id_id1,a
045NA_045200.jpg,045NA_11,045NA,spoon,3,obj_id_id2,b
045NA_049550.jpg,045NA_11,045NA,spoon,2,obj_id_id1,b
045NA_046400.jpg,045NA_11,045NA,spoon,2,obj_id_id1,b
045NA_049450.jpg,045NA_11,045NA,spoon,2,obj_id_id1,b
045NA_045325.jpg,045NA_11,045NA,spoon,3,obj_id_id2,b
045NA_047150.jpg,045NA_11,045NA,spoon,1,obj_id_id1,a
045NA_047225.jpg,045NA_11,045NA,spoon,2,obj_id_id1,b
045NA_046775.jpg,045NA_11,045NA,spoon,3,obj_id_id2,b
045NA_046850.jpg,045NA_11,045NA,spoon,3,obj_id_id2,b
045NA_045725.jpg,045NA_11,045NA,spoon,3,obj_id_id2,b
045NA_048575.jpg,045NA_11,045NA,spoon,3,obj_id_id2,b
039ED_055050.jpg,039ED_9,039ED,spoon,2,obj_id_id1,e
039ED_024625.jpg,039ED_4,039ED,spoon,1,obj_id_id1,c
039ED_074900.jpg,039ED_9,039ED,spoon,2,obj_id_id2,j
039ED_056450.jpg,039ED_9,039ED,spoon,3,obj_id_id2,g
039ED_055750.jpg,039ED_9,039ED,spoon,3,obj_id_id1,e
039ED_056475.jpg,039ED_9,039ED,spoon,3,obj_id_id2,g
039ED_076150.jpg,039ED_9,039ED,spoon,2,obj_id_id2,j
039ED_076400.jpg,039ED_9,039ED,spoon,2,obj_id_id2,j
039ED_076900.jpg,039ED_9,039ED,spoon,1,obj_id_id1,j
039ED_056950.jpg,039ED_9,039ED,spoon,2,obj_id_id2,f
039ED_056725.jpg,039ED_9,039ED,spoon,2,obj_id_id1,e
039ED_025000.jpg,039ED_4,039ED,spoon,1,obj_id_id1,b
032SR_032075.jpg,032SR_6,032SR,spoon,1,obj_id_id1,a
032SR_055800.jpg,032SR_9,032SR,spoon,1,obj_id_id1,b
032SR_055275.jpg,032SR_9,032SR,spoon,1,obj_id_id1,b
032SR_031950.jpg,032SR_6,032SR,spoon,1,obj_id_id1,a
032SR_055875.jpg,032SR_9,032SR,spoon,1,obj_id_id1,b
032SR_033500.jpg,032SR_6,032SR,spoon,1,obj_id_id1,a
032SR_031400.jpg,032SR_6,032SR,spoon,1,obj_id_id1,a
032SR_055675.jpg,032SR_9,032SR,spoon,1,obj_id_id1,b
032SR_031225.jpg,032SR_6,032SR,spoon,1,obj_id_id1,a
032SR_055450.jpg,032SR_9,032SR,spoon,1,obj_id_id1,b
032SR_031650.jpg,032SR_6,032SR,spoon,1,obj_id_id1,a
032SR_033650.jpg,032SR_6,032SR,spoon,1,obj_id_id1,a
038RB_062625.jpg,038RB_15,038RB,spoon,1,obj_id_id1,b
038RB_062975.jpg,038RB_15,038RB,spoon,1,obj_id_id1,b
038RB_065600.jpg,038RB_15,038RB,spoon,1,obj_id_id1,b
038RB_062175.jpg,038RB_15,038RB,spoon,1,obj_id_id1,b
038RB_062475.jpg,038RB_15,038RB,spoon,1,obj_id_id1,b
038RB_062000.jpg,038RB_15,038RB,spoon,1,obj_id_id1,b
038RB_062425.jpg,038RB_15,038RB,spoon,1,obj_id_id1,b
038RB_063925.jpg,038RB_15,038RB,spoon,1,obj_id_id1,b
038RB_062050.jpg,038RB_15,038RB,spoon,1,obj_id_id1,b
038RB_065800.jpg,038RB_15,038RB,spoon,1,obj_id_id1,b
038RB_061350.jpg,038RB_15,038RB,spoon,1,obj_id_id1,b
038RB_061275.jpg,038RB_15,038RB,spoon,1,obj_id_id1,b
030FD_043050.jpg,030FD_4,030FD,spoon,3,obj_id_id1,g
030FD_037675.jpg,030FD_4,030FD,spoon,1,obj_id_id1,e
030FD_038525.jpg,030FD_4,030FD,spoon,3,obj_id_id3,g
030FD_055325.jpg,030FD_6,030FD,spoon,2,obj_id_id2,k
030FD_036550.jpg,030FD_4,030FD,spoon,1,obj_id_id1,d
030FD_038375.jpg,030FD_4,030FD,spoon,3,obj_id_id1,e
030FD_044625.jpg,030FD_4,030FD,spoon,2,obj_id_id1,f
030FD_053800.jpg,030FD_6,030FD,spoon,3,obj_id_id2,k
030FD_037225.jpg,030FD_4,030FD,spoon,1,obj_id_id1,e
030FD_042325.jpg,030FD_4,030FD,spoon,3,obj_id_id3,h
030FD_039125.jpg,030FD_4,030FD,spoon,2,obj_id_id2,d
030FD_036100.jpg,030FD_4,030FD,spoon,1,obj_id_id1,d
043MP_030775.jpg,043MP_12,043MP,spoon,1,obj_id_id1,a
043MP_030700.jpg,043MP_12,043MP,spoon,1,obj_id_id1,a
043MP_031350.jpg,043MP_12,043MP,spoon,1,obj_id_id1,a
043MP_005575.jpg,043MP_5,043MP,spoon,1,obj_id_id1,a
043MP_025075.jpg,043MP_10,043MP,spoon,1,obj_id_id1,b
043MP_022675.jpg,043MP_10,043MP,spoon,1,obj_id_id1,b
043MP_005750.jpg,043MP_5,043MP,spoon,1,obj_id_id1,a
043MP_005800.jpg,043MP_5,043MP,spoon,1,obj_id_id1,a
043MP_024050.jpg,043MP_10,043MP,spoon,1,obj_id_id1,b
043MP_024625.jpg,043MP_10,043MP,spoon,1,obj_id_id1,b
043MP_022550.jpg,043MP_10,043MP,spoon,1,obj_id_id1,b
043MP_030750.jpg,043MP_12,043MP,spoon,1,obj_id_id1,a
046TE_055700.jpg,046TE_8,046TE,spoon,1,obj_id_id1,d
046TE_055875.jpg,046TE_8,046TE,spoon,1,obj_id_id1,d
046TE_002225.jpg,046TE_1,046TE,spoon,1,obj_id_id1,a
046TE_057375.jpg,046TE_8,046TE,spoon,3,obj_id_id1,d
046TE_002500.jpg,046TE_1,046TE,spoon,2,obj_id_id2,b
046TE_004800.jpg,046TE_1,046TE,spoon,3,obj_id_id1,a
046TE_005225.jpg,046TE_1,046TE,spoon,2,obj_id_id1,a
046TE_056000.jpg,046TE_8,046TE,spoon,2,obj_id_id1,d
046TE_003300.jpg,046TE_1,046TE,spoon,2,obj_id_id1,a
046TE_055800.jpg,046TE_8,046TE,spoon,1,obj_id_id1,d
046TE_002325.jpg,046TE_1,046TE,spoon,2,obj_id_id1,a
046TE_005350.jpg,046TE_1,046TE,spoon,2,obj_id_id2,b
042MB_017750.jpg,042MB_4,042MB,spoon,2,obj_id_id2,b
042MB_018650.jpg,042MB_4,042MB,spoon,1,obj_id_id1,a
042MB_023600.jpg,042MB_5,042MB,spoon,1,obj_id_id1,f
042MB_017775.jpg,042MB_4,042MB,spoon,3,obj_id_id2,b
042MB_019025.jpg,042MB_4,042MB,spoon,1,obj_id_id1,e
042MB_018025.jpg,042MB_4,042MB,spoon,1,obj_id_id1,c
042MB_018900.jpg,042MB_4,042MB,spoon,1,obj_id_id1,e
042MB_017850.jpg,042MB_4,042MB,spoon,2,obj_id_id1,b
042MB_017950.jpg,042MB_4,042MB,spoon,1,obj_id_id1,a
042MB_023450.jpg,042MB_5,042MB,spoon,1,obj_id_id1,f
042MB_023550.jpg,042MB_5,042MB,spoon,1,obj_id_id1,f
042MB_018150.jpg,042MB_4,042MB,spoon,2,obj_id_id2,b
033SE_062275.jpg,033SE_6,033SE,spoon,2,obj_id_id2,f
033SE_029175.jpg,033SE_3,033SE,spoon,1,obj_id_id1,a
033SE_061150.jpg,033SE_6,033SE,spoon,1,obj_id_id1,e
033SE_043300.jpg,033SE_3,033SE,spoon,1,obj_id_id1,a
033SE_026800.jpg,033SE_3,033SE,spoon,1,obj_id_id1,a
033SE_062075.jpg,033SE_6,033SE,spoon,2,obj_id_id1,e
033SE_061300.jpg,033SE_6,033SE,spoon,1,obj_id_id1,e
033SE_062300.jpg,033SE_6,033SE,spoon,2,obj_id_id2,f
033SE_063050.jpg,033SE_6,033SE,spoon,2,obj_id_id1,e
033SE_024375.jpg,033SE_3,033SE,spoon,1,obj_id_id1,a
033SE_062200.jpg,033SE_6,033SE,spoon,2,obj_id_id2,f
033SE_066250.jpg,033SE_6,033SE,spoon,1,obj_id_id1,e
031HW_028225.jpg,031HW_5,031HW,spoon,1,obj_id_id1,a
031HW_027200.jpg,031HW_5,031HW,spoon,1,obj_id_id1,a
031HW_028150.jpg,031HW_5,031HW,spoon,1,obj_id_id1,a
031HW_027675.jpg,031HW_5,031HW,spoon,1,obj_id_id1,a
031HW_026950.jpg,031HW_5,031HW,spoon,1,obj_id_id1,a
031HW_027375.jpg,031HW_5,031HW,spoon,1,obj_id_id1,a
031HW_026800.jpg,031HW_5,031HW,spoon,1,obj_id_id1,a
031HW_028925.jpg,031HW_5,031HW,spoon,1,obj_id_id1,a
031HW_026900.jpg,031HW_5,031HW,spoon,1,obj_id_id1,a
031HW_027625.jpg,031HW_5,031HW,spoon,1,obj_id_id1,a
031HW_026875.jpg,031HW_5,031HW,spoon,1,obj_id_id1,a
031HW_027475.jpg,031HW_5,031HW,spoon,1,obj_id_id1,a
030FD_054225.jpg,030FD_6,030FD,table,1,obj_id_id1,g
030FD_035750.jpg,030FD_4,030FD,table,2,obj_id_id1,a
030FD_039150.jpg,030FD_4,030FD,table,2,obj_id_id1,a
030FD_073175.jpg,030FD_9,030FD,table,1,obj_id_id1,f
030FD_078400.jpg,030FD_9,030FD,table,1,obj_id_id1,f
030FD_054925.jpg,030FD_6,030FD,table,2,obj_id_id1,f
030FD_022900.jpg,030FD_3,030FD,table,1,obj_id_id1,b
030FD_053225.jpg,030FD_6,030FD,table,1,obj_id_id1,g
030FD_043975.jpg,030FD_4,030FD,table,1,obj_id_id1,b
030FD_035525.jpg,030FD_4,030FD,table,1,obj_id_id1,b
030FD_017550.jpg,030FD_3,030FD,table,1,obj_id_id1,b
030FD_078075.jpg,030FD_9,030FD,table,1,obj_id_id1,f
037SM_061575.jpg,037SM_9,037SM,table,1,obj_id_id1,c
037SM_062750.jpg,037SM_9,037SM,table,2,obj_id_id2,d
037SM_043675.jpg,037SM_7,037SM,table,1,obj_id_id1,a
037SM_059175.jpg,037SM_9,037SM,table,2,obj_id_id2,e
037SM_062125.jpg,037SM_9,037SM,table,1,obj_id_id1,c
037SM_060800.jpg,037SM_9,037SM,table,1,obj_id_id1,c
037SM_059050.jpg,037SM_9,037SM,table,2,obj_id_id2,d
037SM_066800.jpg,037SM_11,037SM,table,1,obj_id_id1,a
037SM_059225.jpg,037SM_9,037SM,table,2,obj_id_id2,e
037SM_006125.jpg,037SM_1,037SM,table,1,obj_id_id1,a
037SM_013050.jpg,037SM_3,037SM,table,1,obj_id_id1,a
037SM_062675.jpg,037SM_9,037SM,table,2,obj_id_id2,d
046TE_071950.jpg,046TE_13,046TE,table,1,obj_id_id1,a
046TE_005350.jpg,046TE_1,046TE,table,1,obj_id_id1,a
046TE_077525.jpg,046TE_14,046TE,table,1,obj_id_id1,a
046TE_057200.jpg,046TE_8,046TE,table,1,obj_id_id1,a
046TE_056550.jpg,046TE_8,046TE,table,1,obj_id_id1,a
046TE_035575.jpg,046TE_7,046TE,table,1,obj_id_id1,a
046TE_055400.jpg,046TE_8,046TE,table,1,obj_id_id1,a
046TE_080375.jpg,046TE_14,046TE,table,1,obj_id_id1,a
046TE_038650.jpg,046TE_7,046TE,table,1,obj_id_id1,a
046TE_075875.jpg,046TE_14,046TE,table,1,obj_id_id1,a
046TE_056950.jpg,046TE_8,046TE,table,1,obj_id_id1,a
046TE_037925.jpg,046TE_7,046TE,table,1,obj_id_id1,a
042MB_049150.jpg,042MB_7,042MB,table,2,obj_id_id1,b
042MB_041075.jpg,042MB_6,042MB,table,1,obj_id_id1,e
042MB_005525.jpg,042MB_1,042MB,table,1,obj_id_id1,b
042MB_048100.jpg,042MB_7,042MB,table,2,obj_id_id1,b
042MB_003850.jpg,042MB_1,042MB,table,2,obj_id_id2,c
042MB_037900.jpg,042MB_6,042MB,table,1,obj_id_id1,e
042MB_049375.jpg,042MB_7,042MB,table,2,obj_id_id1,b
042MB_047525.jpg,042MB_7,042MB,table,2,obj_id_id2,c
042MB_047925.jpg,042MB_7,042MB,table,2,obj_id_id1,b
042MB_041100.jpg,042MB_6,042MB,table,1,obj_id_id1,e
042MB_036475.jpg,042MB_6,042MB,table,1,obj_id_id1,e
042MB_047625.jpg,042MB_7,042MB,table,2,obj_id_id2,c
032SR_042400.jpg,032SR_6,032SR,table,2,obj_id_id1,d
032SR_056200.jpg,032SR_9,032SR,table,2,obj_id_id1,c
032SR_054300.jpg,032SR_9,032SR,table,2,obj_id_id1,c
032SR_053650.jpg,032SR_7,032SR,table,1,obj_id_id1,d
032SR_042300.jpg,032SR_6,032SR,table,2,obj_id_id1,d
032SR_088900.jpg,032SR_12,032SR,table,2,obj_id_id1,d
032SR_035825.jpg,032SR_6,032SR,table,1,obj_id_id1,b
032SR_011575.jpg,032SR_3,032SR,table,1,obj_id_id1,a
032SR_035500.jpg,032SR_6,032SR,table,1,obj_id_id1,b
032SR_035950.jpg,032SR_6,032SR,table,1,obj_id_id1,b
032SR_035375.jpg,032SR_6,032SR,table,1,obj_id_id1,b
032SR_055875.jpg,032SR_9,032SR,table,2,obj_id_id1,c
039ED_075550.jpg,039ED_9,039ED,table,1,obj_id_id1,a
039ED_085800.jpg,039ED_12,039ED,table,1,obj_id_id1,i
039ED_085575.jpg,039ED_12,039ED,table,3,obj_id_id2,g
039ED_075825.jpg,039ED_9,039ED,table,1,obj_id_id1,a
039ED_083600.jpg,039ED_12,039ED,table,1,obj_id_id1,i
039ED_083475.jpg,039ED_12,039ED,table,1,obj_id_id1,e
039ED_026025.jpg,039ED_4,039ED,table,1,obj_id_id1,a
039ED_082650.jpg,039ED_12,039ED,table,3,obj_id_id3,g
039ED_082975.jpg,039ED_12,039ED,table,2,obj_id_id1,e
039ED_083000.jpg,039ED_12,039ED,table,2,obj_id_id1,e
039ED_055850.jpg,039ED_9,039ED,table,1,obj_id_id1,a
039ED_085875.jpg,039ED_12,039ED,table,1,obj_id_id1,i
038RB_098900.jpg,038RB_16,038RB,table,1,obj_id_id1,d
038RB_064850.jpg,038RB_15,038RB,table,1,obj_id_id1,a
038RB_098725.jpg,038RB_16,038RB,table,1,obj_id_id1,d
038RB_096050.jpg,038RB_16,038RB,table,1,obj_id_id1,d
038RB_029800.jpg,038RB_8,038RB,table,1,obj_id_id1,a
038RB_063925.jpg,038RB_15,038RB,table,1,obj_id_id1,a
038RB_097825.jpg,038RB_16,038RB,table,1,obj_id_id1,d
038RB_068175.jpg,038RB_15,038RB,table,1,obj_id_id1,a
038RB_058500.jpg,038RB_15,038RB,table,1,obj_id_id1,a
038RB_062925.jpg,038RB_15,038RB,table,1,obj_id_id1,a
038RB_067525.jpg,038RB_15,038RB,table,1,obj_id_id1,a
038RB_096225.jpg,038RB_16,038RB,table,1,obj_id_id1,d
045NA_044525.jpg,045NA_11,045NA,table,2,obj_id_id1,a
045NA_047025.jpg,045NA_11,045NA,table,2,obj_id_id2,c
045NA_048650.jpg,045NA_11,045NA,table,2,obj_id_id2,c
045NA_044550.jpg,045NA_11,045NA,table,2,obj_id_id2,c
045NA_048250.jpg,045NA_11,045NA,table,1,obj_id_id1,a
045NA_049700.jpg,045NA_11,045NA,table,2,obj_id_id2,c
045NA_044675.jpg,045NA_11,045NA,table,2,obj_id_id2,c
045NA_049450.jpg,045NA_11,045NA,table,1,obj_id_id1,a
045NA_048800.jpg,045NA_11,045NA,table,2,obj_id_id2,c
045NA_049800.jpg,045NA_11,045NA,table,1,obj_id_id1,a
045NA_050175.jpg,045NA_11,045NA,table,1,obj_id_id1,a
045NA_049350.jpg,045NA_11,045NA,table,2,obj_id_id1,a
047MS_016200.jpg,047MS_8,047MS,table,1,obj_id_id1,b
047MS_015850.jpg,047MS_8,047MS,table,1,obj_id_id1,b
047MS_005825.jpg,047MS_2,047MS,table,1,obj_id_id1,a
047MS_008200.jpg,047MS_2,047MS,table,2,obj_id_id2,b
047MS_015225.jpg,047MS_8,047MS,table,1,obj_id_id1,a
047MS_007200.jpg,047MS_2,047MS,table,1,obj_id_id1,b
047MS_009125.jpg,047MS_2,047MS,table,1,obj_id_id1,a
047MS_009350.jpg,047MS_2,047MS,table,1,obj_id_id1,a
047MS_019300.jpg,047MS_12,047MS,table,2,obj_id_id2,b
047MS_008025.jpg,047MS_2,047MS,table,1,obj_id_id1,a
047MS_006500.jpg,047MS_2,047MS,table,1,obj_id_id1,b
047MS_008050.jpg,047MS_2,047MS,table,2,obj_id_id2,b
043MP_026275.jpg,043MP_10,043MP,table,2,obj_id_id1,a
043MP_022875.jpg,043MP_10,043MP,table,3,obj_id_id3,i
043MP_023750.jpg,043MP_10,043MP,table,1,obj_id_id1,a
043MP_023100.jpg,043MP_10,043MP,table,3,obj_id_id1,h
043MP_025000.jpg,043MP_10,043MP,table,3,obj_id_id2,a
043MP_023700.jpg,043MP_10,043MP,table,3,obj_id_id2,i
043MP_023450.jpg,043MP_10,043MP,table,2,obj_id_id2,i
043MP_026200.jpg,043MP_10,043MP,table,2,obj_id_id2,i
043MP_025425.jpg,043MP_10,043MP,table,2,obj_id_id2,i
043MP_022650.jpg,043MP_10,043MP,table,2,obj_id_id1,h
043MP_025650.jpg,043MP_10,043MP,table,2,obj_id_id1,a
043MP_022475.jpg,043MP_10,043MP,table,3,obj_id_id2,a
033SE_025650.jpg,033SE_3,033SE,table,2,obj_id_id1,k
033SE_025500.jpg,033SE_3,033SE,table,2,obj_id_id1,k
033SE_020325.jpg,033SE_3,033SE,table,1,obj_id_id1,a
033SE_027750.jpg,033SE_3,033SE,table,2,obj_id_id1,k
033SE_063275.jpg,033SE_6,033SE,table,1,obj_id_id1,a
033SE_061375.jpg,033SE_6,033SE,table,1,obj_id_id1,a
033SE_022400.jpg,033SE_3,033SE,table,1,obj_id_id1,a
033SE_025525.jpg,033SE_3,033SE,table,2,obj_id_id1,k
033SE_027550.jpg,033SE_3,033SE,table,1,obj_id_id1,a
033SE_025450.jpg,033SE_3,033SE,table,2,obj_id_id1,k
033SE_055475.jpg,033SE_5,033SE,table,1,obj_id_id1,a
033SE_025350.jpg,033SE_3,033SE,table,2,obj_id_id1,k
036MR_077875.jpg,036MR_14,036MR,table,1,obj_id_id1,f
036MR_064875.jpg,036MR_13,036MR,table,2,obj_id_id2,a
036MR_077625.jpg,036MR_14,036MR,table,2,obj_id_id1,f
036MR_077725.jpg,036MR_14,036MR,table,2,obj_id_id2,g
036MR_066525.jpg,036MR_13,036MR,table,2,obj_id_id1,c
036MR_066450.jpg,036MR_13,036MR,table,2,obj_id_id2,a
036MR_061875.jpg,036MR_11,036MR,table,1,obj_id_id1,b
036MR_070450.jpg,036MR_13,036MR,table,1,obj_id_id1,b
036MR_059900.jpg,036MR_11,036MR,table,1,obj_id_id1,a
036MR_076725.jpg,036MR_14,036MR,table,1,obj_id_id1,d
036MR_071050.jpg,036MR_13,036MR,table,1,obj_id_id1,c
036MR_066150.jpg,036MR_13,036MR,table,2,obj_id_id2,c
031HW_026025.jpg,031HW_5,031HW,table,1,obj_id_id1,b
031HW_069850.jpg,031HW_12,031HW,table,1,obj_id_id1,b
031HW_018775.jpg,031HW_4,031HW,table,1,obj_id_id1,b
031HW_028000.jpg,031HW_5,031HW,table,1,obj_id_id1,b
031HW_028750.jpg,031HW_5,031HW,table,1,obj_id_id1,b
031HW_019250.jpg,031HW_4,031HW,table,1,obj_id_id1,b
031HW_028625.jpg,031HW_5,031HW,table,1,obj_id_id1,b
031HW_028500.jpg,031HW_5,031HW,table,1,obj_id_id1,b
031HW_019275.jpg,031HW_4,031HW,table,1,obj_id_id1,b
031HW_028900.jpg,031HW_5,031HW,table,1,obj_id_id1,b
031HW_018725.jpg,031HW_4,031HW,table,1,obj_id_id1,b
031HW_028550.jpg,031HW_5,031HW,table,1,obj_id_id1,b
030FD_044400.jpg,030FD_4,030FD,window,1,obj_id_id1,d
030FD_078775.jpg,030FD_9,030FD,window,1,obj_id_id1,g
030FD_055425.jpg,030FD_6,030FD,window,2,obj_id_id2,h
030FD_044450.jpg,030FD_4,030FD,window,1,obj_id_id1,d
030FD_038275.jpg,030FD_4,030FD,window,1,obj_id_id1,b
030FD_065675.jpg,030FD_9,030FD,window,1,obj_id_id1,i
030FD_042200.jpg,030FD_4,030FD,window,1,obj_id_id1,a
030FD_044225.jpg,030FD_4,030FD,window,1,obj_id_id1,d
030FD_024075.jpg,030FD_3,030FD,window,1,obj_id_id1,c
030FD_074525.jpg,030FD_9,030FD,window,1,obj_id_id1,h
047MS_009825.jpg,047MS_2,047MS,window,3,obj_id_id3,i
047MS_021800.jpg,047MS_12,047MS,window,1,obj_id_id1,b
047MS_016075.jpg,047MS_8,047MS,window,3,obj_id_id2,e
047MS_020625.jpg,047MS_12,047MS,window,3,obj_id_id2,e
047MS_003725.jpg,047MS_2,047MS,window,1,obj_id_id1,a
047MS_003625.jpg,047MS_2,047MS,window,2,obj_id_id1,c
047MS_010275.jpg,047MS_2,047MS,window,2,obj_id_id1,a
047MS_020450.jpg,047MS_12,047MS,window,3,obj_id_id1,b
047MS_015600.jpg,047MS_8,047MS,window,2,obj_id_id2,g
047MS_003900.jpg,047MS_2,047MS,window,1,obj_id_id1,a
032SR_014775.jpg,032SR_3,032SR,window,1,obj_id_id1,a
032SR_028175.jpg,032SR_6,032SR,window,2,obj_id_id1,c
032SR_024400.jpg,032SR_6,032SR,window,2,obj_id_id1,c
032SR_013400.jpg,032SR_3,032SR,window,1,obj_id_id1,a
032SR_014875.jpg,032SR_3,032SR,window,1,obj_id_id1,a
032SR_015575.jpg,032SR_3,032SR,window,1,obj_id_id1,a
032SR_032950.jpg,032SR_6,032SR,window,1,obj_id_id1,d
032SR_024675.jpg,032SR_6,032SR,window,2,obj_id_id2,d
032SR_033650.jpg,032SR_6,032SR,window,1,obj_id_id1,d
032SR_029175.jpg,032SR_6,032SR,window,2,obj_id_id2,d
046TE_002950.jpg,046TE_1,046TE,window,2,obj_id_id2,b
046TE_070375.jpg,046TE_13,046TE,window,2,obj_id_id2,b
046TE_002875.jpg,046TE_1,046TE,window,1,obj_id_id1,a
046TE_072725.jpg,046TE_13,046TE,window,1,obj_id_id1,b
046TE_072175.jpg,046TE_13,046TE,window,2,obj_id_id1,a
046TE_002425.jpg,046TE_1,046TE,window,2,obj_id_id2,b
046TE_038375.jpg,046TE_7,046TE,window,1,obj_id_id1,a
046TE_037525.jpg,046TE_7,046TE,window,1,obj_id_id1,a
046TE_036925.jpg,046TE_7,046TE,window,2,obj_id_id2,c
046TE_003775.jpg,046TE_1,046TE,window,2,obj_id_id2,b
039ED_085250.jpg,039ED_12,039ED,window,3,obj_id_id1,g
039ED_083500.jpg,039ED_12,039ED,window,1,obj_id_id1,h
039ED_085000.jpg,039ED_12,039ED,window,2,obj_id_id1,h
039ED_084500.jpg,039ED_12,039ED,window,2,obj_id_id2,i
039ED_082975.jpg,039ED_12,039ED,window,2,obj_id_id1,f
039ED_084375.jpg,039ED_12,039ED,window,3,obj_id_id2,i
039ED_055425.jpg,039ED_9,039ED,window,1,obj_id_id1,b
039ED_025675.jpg,039ED_4,039ED,window,1,obj_id_id1,a
039ED_057825.jpg,039ED_9,039ED,window,2,obj_id_id1,a
039ED_075550.jpg,039ED_9,039ED,window,2,obj_id_id1,b
037SM_042750.jpg,037SM_7,037SM,window,1,obj_id_id1,c
037SM_014600.jpg,037SM_3,037SM,window,1,obj_id_id1,a
037SM_067425.jpg,037SM_11,037SM,window,1,obj_id_id1,c
037SM_008350.jpg,037SM_1,037SM,window,1,obj_id_id1,a
037SM_068075.jpg,037SM_11,037SM,window,1,obj_id_id1,c
037SM_014425.jpg,037SM_3,037SM,window,1,obj_id_id1,a
037SM_068800.jpg,037SM_11,037SM,window,1,obj_id_id1,c
037SM_015600.jpg,037SM_3,037SM,window,1,obj_id_id1,a
037SM_039325.jpg,037SM_7,037SM,window,1,obj_id_id1,a
037SM_069150.jpg,037SM_11,037SM,window,1,obj_id_id1,c
033SE_096800.jpg,033SE_10,033SE,window,1,obj_id_id1,e
033SE_022450.jpg,033SE_3,033SE,window,1,obj_id_id1,e
033SE_022575.jpg,033SE_3,033SE,window,1,obj_id_id1,e
033SE_023050.jpg,033SE_3,033SE,window,2,obj_id_id2,e
033SE_024550.jpg,033SE_3,033SE,window,1,obj_id_id1,d
033SE_096475.jpg,033SE_10,033SE,window,1,obj_id_id1,e
033SE_022250.jpg,033SE_3,033SE,window,1,obj_id_id1,e
033SE_022275.jpg,033SE_3,033SE,window,2,obj_id_id1,d
033SE_021750.jpg,033SE_3,033SE,window,1,obj_id_id1,d
033SE_061650.jpg,033SE_6,033SE,window,1,obj_id_id1,d
042MB_018225.jpg,042MB_4,042MB,window,3,obj_id_id1,e
042MB_066375.jpg,042MB_8,042MB,window,1,obj_id_id1,c
042MB_049275.jpg,042MB_7,042MB,window,3,obj_id_id1,e
042MB_002575.jpg,042MB_1,042MB,window,3,obj_id_id1,e
042MB_001650.jpg,042MB_1,042MB,window,1,obj_id_id1,c
042MB_002850.jpg,042MB_1,042MB,window,3,obj_id_id1,e
042MB_057025.jpg,042MB_8,042MB,window,1,obj_id_id1,g
042MB_001400.jpg,042MB_1,042MB,window,1,obj_id_id1,c
042MB_066400.jpg,042MB_8,042MB,window,1,obj_id_id1,e
042MB_002875.jpg,042MB_1,042MB,window,2,obj_id_id1,e
043MP_023275.jpg,043MP_10,043MP,window,2,obj_id_id1,a
043MP_026025.jpg,043MP_10,043MP,window,2,obj_id_id1,a
043MP_023425.jpg,043MP_10,043MP,window,2,obj_id_id1,a
043MP_023550.jpg,043MP_10,043MP,window,2,obj_id_id1,a
043MP_005900.jpg,043MP_5,043MP,window,2,obj_id_id1,a
043MP_025100.jpg,043MP_10,043MP,window,2,obj_id_id1,a
043MP_026175.jpg,043MP_10,043MP,window,2,obj_id_id1,a
043MP_023925.jpg,043MP_10,043MP,window,2,obj_id_id1,a
043MP_026075.jpg,043MP_10,043MP,window,2,obj_id_id1,a
043MP_023075.jpg,043MP_10,043MP,window,1,obj_id_id1,b
045NA_044475.jpg,045NA_11,045NA,window,2,obj_id_id2,c
045NA_049750.jpg,045NA_11,045NA,window,3,obj_id_id2,c
045NA_001525.jpg,045NA_1,045NA,window,3,obj_id_id1,a
045NA_044150.jpg,045NA_11,045NA,window,2,obj_id_id2,c
045NA_049350.jpg,045NA_11,045NA,window,2,obj_id_id2,b
045NA_046650.jpg,045NA_11,045NA,window,1,obj_id_id1,a
045NA_048675.jpg,045NA_11,045NA,window,2,obj_id_id1,a
045NA_047000.jpg,045NA_11,045NA,window,3,obj_id_id2,c
045NA_048875.jpg,045NA_11,045NA,window,2,obj_id_id1,a
045NA_044525.jpg,045NA_11,045NA,window,1,obj_id_id1,b
036MR_025225.jpg,036MR_7,036MR,window,3,obj_id_id3,d
036MR_025750.jpg,036MR_7,036MR,window,1,obj_id_id1,c
036MR_025600.jpg,036MR_7,036MR,window,1,obj_id_id1,a
036MR_025500.jpg,036MR_7,036MR,window,2,obj_id_id2,c
036MR_025175.jpg,036MR_7,036MR,window,3,obj_id_id2,b
036MR_025150.jpg,036MR_7,036MR,window,2,obj_id_id2,d
036MR_025025.jpg,036MR_7,036MR,window,1,obj_id_id1,a
036MR_025550.jpg,036MR_7,036MR,window,3,obj_id_id1,a
036MR_025675.jpg,036MR_7,036MR,window,2,obj_id_id2,c
036MR_025250.jpg,036MR_7,036MR,window,3,obj_id_id1,a
038RB_058075.jpg,038RB_15,038RB,window,1,obj_id_id1,a
038RB_058100.jpg,038RB_15,038RB,window,1,obj_id_id1,a
038RB_058025.jpg,038RB_15,038RB,window,1,obj_id_id1,a
038RB_058425.jpg,038RB_15,038RB,window,2,obj_id_id1,a
038RB_057975.jpg,038RB_15,038RB,window,1,obj_id_id1,a
038RB_057050.jpg,038RB_15,038RB,window,1,obj_id_id1,a
038RB_057025.jpg,038RB_15,038RB,window,1,obj_id_id1,a
038RB_058250.jpg,038RB_15,038RB,window,1,obj_id_id1,a
038RB_056975.jpg,038RB_15,038RB,window,1,obj_id_id1,a
038RB_057175.jpg,038RB_15,038RB,window,1,obj_id_id1,a
